"","Name","Event","Year","Date","Elo"
"37099","Paul McBeth","Aussie",2017,2017-01-26,1932
"37202","Eagle McMahon","Aussie",2017,2017-01-26,1799
"37206","Richard Wysocki","Aussie",2017,2017-01-26,1915
"37635","Simon Lizotte","LVC",2017,2017-02-23,1810
"37658","Nikko Locastro","LVC",2017,2017-02-23,1855
"37683","James Conrad","LVC",2017,2017-02-23,1720
"37751","Paul McBeth","LVC",2017,2017-02-23,1941
"37819","Jeremy Koling","LVC",2017,2017-02-23,1834
"37854","Eagle McMahon","LVC",2017,2017-02-23,1815
"37858","Richard Wysocki","LVC",2017,2017-02-23,1922
"37957","Drew Gibson","LVC",2017,2017-02-23,1803
"38017","Eric Oakley","LVC",2017,2017-02-23,1673
"38203","Joel Freeman","LVC",2017,2017-02-23,1653
"38287","Simon Lizotte","Memorial",2017,2017-03-01,1830
"38310","Nikko Locastro","Memorial",2017,2017-03-01,1868
"38335","James Conrad","Memorial",2017,2017-03-01,1736
"38340","Matthew Orum","Memorial",2017,2017-03-01,1791
"38403","Paul McBeth","Memorial",2017,2017-03-01,1949
"38471","Jeremy Koling","Memorial",2017,2017-03-01,1870
"38506","Eagle McMahon","Memorial",2017,2017-03-01,1830
"38510","Richard Wysocki","Memorial",2017,2017-03-01,1930
"38609","Drew Gibson","Memorial",2017,2017-03-01,1833
"38669","Eric Oakley","Memorial",2017,2017-03-01,1694
"38855","Joel Freeman","Memorial",2017,2017-03-01,1674
"38939","Simon Lizotte","Jonesboro",2017,2017-04-13,1850
"38962","Nikko Locastro","Jonesboro",2017,2017-04-13,1881
"38987","James Conrad","Jonesboro",2017,2017-04-13,1765
"39123","Jeremy Koling","Jonesboro",2017,2017-04-13,1871
"39162","Richard Wysocki","Jonesboro",2017,2017-04-13,1936
"39261","Drew Gibson","Jonesboro",2017,2017-04-13,1840
"39321","Eric Oakley","Jonesboro",2017,2017-04-13,1727
"39439","Chris Dickerson","Jonesboro",2017,2017-04-13,1766
"39451","Andrew Presnell","Jonesboro",2017,2017-04-13,1639
"39591","Simon Lizotte","DDO",2017,2017-04-27,1857
"39614","Nikko Locastro","DDO",2017,2017-04-27,1881
"39639","James Conrad","DDO",2017,2017-04-27,1775
"39644","Matthew Orum","DDO",2017,2017-04-27,1800
"39707","Paul McBeth","DDO",2017,2017-04-27,1956
"39775","Jeremy Koling","DDO",2017,2017-04-27,1881
"39810","Eagle McMahon","DDO",2017,2017-04-27,1831
"39814","Richard Wysocki","DDO",2017,2017-04-27,1950
"39891","Calvin Heimburg","DDO",2017,2017-04-27,1667
"39913","Drew Gibson","DDO",2017,2017-04-27,1841
"39933","Chris Clemons","DDO",2017,2017-04-27,1679
"39973","Eric Oakley","DDO",2017,2017-04-27,1734
"40103","Andrew Presnell","DDO",2017,2017-04-27,1659
"40159","Joel Freeman","DDO",2017,2017-04-27,1689
"40266","Nikko Locastro","Masters Cup",2017,2017-05-19,1875
"40359","Paul McBeth","Masters Cup",2017,2017-05-19,1964
"40427","Jeremy Koling","Masters Cup",2017,2017-05-19,1884
"40466","Richard Wysocki","Masters Cup",2017,2017-05-19,1954
"40565","Drew Gibson","Masters Cup",2017,2017-05-19,1846
"40625","Eric Oakley","Masters Cup",2017,2017-05-19,1739
"41011","Paul McBeth","Beaver",2017,2017-06-09,1967
"41114","Eagle McMahon","Beaver",2017,2017-06-09,1846
"41118","Richard Wysocki","Beaver",2017,2017-06-09,1963
"41195","Calvin Heimburg","Beaver",2017,2017-06-09,1687
"41277","Eric Oakley","Beaver",2017,2017-06-09,1746
"41547","Simon Lizotte","World",2017,2017-06-21,1870
"41570","Nikko Locastro","World",2017,2017-06-21,1880
"41595","James Conrad","World",2017,2017-06-21,1789
"41600","Matthew Orum","World",2017,2017-06-21,1813
"41663","Paul McBeth","World",2017,2017-06-21,1974
"41731","Jeremy Koling","World",2017,2017-06-21,1890
"41766","Eagle McMahon","World",2017,2017-06-21,1849
"41770","Richard Wysocki","World",2017,2017-06-21,1973
"41847","Calvin Heimburg","World",2017,2017-06-21,1728
"41869","Drew Gibson","World",2017,2017-06-21,1850
"41889","Chris Clemons","World",2017,2017-06-21,1718
"42047","Chris Dickerson","World",2017,2017-06-21,1791
"42199","Simon Lizotte","European Open",2017,2017-07-20,1874
"42315","Paul McBeth","European Open",2017,2017-07-20,1979
"42383","Jeremy Koling","European Open",2017,2017-07-20,1879
"42418","Eagle McMahon","European Open",2017,2017-07-20,1860
"42422","Richard Wysocki","European Open",2017,2017-07-20,1976
"42851","Simon Lizotte","Pittsburgh Flying Disc Open Presented by Discraft",2017,2017-08-25,1891
"42874","Nikko Locastro","Pittsburgh Flying Disc Open Presented by Discraft",2017,2017-08-25,1875
"42899","James Conrad","Pittsburgh Flying Disc Open Presented by Discraft",2017,2017-08-25,1812
"42967","Paul McBeth","Pittsburgh Flying Disc Open Presented by Discraft",2017,2017-08-25,1989
"43035","Jeremy Koling","Pittsburgh Flying Disc Open Presented by Discraft",2017,2017-08-25,1893
"43070","Eagle McMahon","Pittsburgh Flying Disc Open Presented by Discraft",2017,2017-08-25,1869
"43074","Richard Wysocki","Pittsburgh Flying Disc Open Presented by Discraft",2017,2017-08-25,1979
"43136","Corey Ellis","Pittsburgh Flying Disc Open Presented by Discraft",2017,2017-08-25,1561
"43173","Drew Gibson","Pittsburgh Flying Disc Open Presented by Discraft",2017,2017-08-25,1851
"43233","Eric Oakley","Pittsburgh Flying Disc Open Presented by Discraft",2017,2017-08-25,1757
"43351","Chris Dickerson","Pittsburgh Flying Disc Open Presented by Discraft",2017,2017-08-25,1811
"43363","Andrew Presnell","Pittsburgh Flying Disc Open Presented by Discraft",2017,2017-08-25,1692
"43480","Thomas Gilbert","Pittsburgh Flying Disc Open Presented by Discraft",2017,2017-08-25,1531
"43503","Simon Lizotte","USDGC",2017,2017-10-04,1896
"43526","Nikko Locastro","USDGC",2017,2017-10-04,1844
"43551","James Conrad","USDGC",2017,2017-10-04,1816
"43619","Paul McBeth","USDGC",2017,2017-10-04,1999
"43687","Jeremy Koling","USDGC",2017,2017-10-04,1893
"43722","Eagle McMahon","USDGC",2017,2017-10-04,1878
"43726","Richard Wysocki","USDGC",2017,2017-10-04,1989
"43764","Kevin Jones","USDGC",2017,2017-10-04,1690
"43825","Drew Gibson","USDGC",2017,2017-10-04,1857
"43845","Chris Clemons","USDGC",2017,2017-10-04,1755
"43885","Eric Oakley","USDGC",2017,2017-10-04,1775
"43939","Adam Hammes","USDGC",2017,2017-10-04,1690
"44003","Chris Dickerson","USDGC",2017,2017-10-04,1834
"44015","Andrew Presnell","USDGC",2017,2017-10-04,1702
"44155","Simon Lizotte","HOFC",2017,2017-10-13,1905
"44178","Nikko Locastro","HOFC",2017,2017-10-13,1890
"44203","James Conrad","HOFC",2017,2017-10-13,1828
"44271","Paul McBeth","HOFC",2017,2017-10-13,2004
"44339","Jeremy Koling","HOFC",2017,2017-10-13,1903
"44378","Richard Wysocki","HOFC",2017,2017-10-13,1990
"44477","Drew Gibson","HOFC",2017,2017-10-13,1853
"44537","Eric Oakley","HOFC",2017,2017-10-13,1778
"44655","Chris Dickerson","HOFC",2017,2017-10-13,1840
"44824","Simon Lizotte","LVC",2018,2018-02-22,1866
"44868","Nikko Locastro","LVC",2018,2018-02-22,1862
"44910","James Conrad","LVC",2018,2018-02-22,1785
"45019","Paul McBeth","LVC",2018,2018-02-22,1922
"45130","Jeremy Koling","LVC",2018,2018-02-22,1811
"45198","Eagle McMahon","LVC",2018,2018-02-22,1854
"45201","Richard Wysocki","LVC",2018,2018-02-22,1935
"45259","Kevin Jones","LVC",2018,2018-02-22,1698
"45385","Drew Gibson","LVC",2018,2018-02-22,1821
"45423","Chris Clemons","LVC",2018,2018-02-22,1745
"45478","Eric Oakley","LVC",2018,2018-02-22,1746
"45692","Andrew Presnell","LVC",2018,2018-02-22,1699
"45817","Joel Freeman","LVC",2018,2018-02-22,1705
"46107","Thomas Gilbert","LVC",2018,2018-02-22,1576
"46329","Simon Lizotte","Memorial",2018,2018-02-28,1885
"46373","Nikko Locastro","Memorial",2018,2018-02-28,1872
"46391","Garrett Gurthie","Memorial",2018,2018-02-28,1627
"46415","James Conrad","Memorial",2018,2018-02-28,1803
"46524","Paul McBeth","Memorial",2018,2018-02-28,1943
"46635","Jeremy Koling","Memorial",2018,2018-02-28,1831
"46703","Eagle McMahon","Memorial",2018,2018-02-28,1873
"46706","Richard Wysocki","Memorial",2018,2018-02-28,1944
"46764","Kevin Jones","Memorial",2018,2018-02-28,1722
"46890","Drew Gibson","Memorial",2018,2018-02-28,1834
"46928","Chris Clemons","Memorial",2018,2018-02-28,1759
"46983","Eric Oakley","Memorial",2018,2018-02-28,1768
"47197","Andrew Presnell","Memorial",2018,2018-02-28,1713
"47322","Joel Freeman","Memorial",2018,2018-02-28,1723
"47612","Thomas Gilbert","Memorial",2018,2018-02-28,1628
"47834","Simon Lizotte","Waco",2018,2018-03-15,1885
"47878","Nikko Locastro","Waco",2018,2018-03-15,1873
"47896","Garrett Gurthie","Waco",2018,2018-03-15,1675
"47920","James Conrad","Waco",2018,2018-03-15,1815
"48029","Paul McBeth","Waco",2018,2018-03-15,1949
"48140","Jeremy Koling","Waco",2018,2018-03-15,1847
"48211","Richard Wysocki","Waco",2018,2018-03-15,1946
"48269","Kevin Jones","Waco",2018,2018-03-15,1740
"48395","Drew Gibson","Waco",2018,2018-03-15,1845
"48433","Chris Clemons","Waco",2018,2018-03-15,1774
"48488","Eric Oakley","Waco",2018,2018-03-15,1784
"48702","Andrew Presnell","Waco",2018,2018-03-15,1735
"48827","Joel Freeman","Waco",2018,2018-03-15,1737
"49117","Thomas Gilbert","Waco",2018,2018-03-15,1642
"50906","Garrett Gurthie","Jonesboro",2018,2018-04-06,1716
"50930","James Conrad","Jonesboro",2018,2018-04-06,1831
"51039","Paul McBeth","Jonesboro",2018,2018-04-06,1950
"51110","Bradley Williams","Jonesboro",2018,2018-04-06,1793
"51150","Jeremy Koling","Jonesboro",2018,2018-04-06,1848
"51218","Eagle McMahon","Jonesboro",2018,2018-04-06,1882
"51221","Richard Wysocki","Jonesboro",2018,2018-04-06,1957
"51279","Kevin Jones","Jonesboro",2018,2018-04-06,1758
"51405","Drew Gibson","Jonesboro",2018,2018-04-06,1850
"51443","Chris Clemons","Jonesboro",2018,2018-04-06,1776
"51498","Eric Oakley","Jonesboro",2018,2018-04-06,1804
"51680","Chris Dickerson","Jonesboro",2018,2018-04-06,1817
"51712","Andrew Presnell","Jonesboro",2018,2018-04-06,1747
"51837","Joel Freeman","Jonesboro",2018,2018-04-06,1758
"52127","Thomas Gilbert","Jonesboro",2018,2018-04-06,1661
"55359","Simon Lizotte","DDO",2018,2018-04-26,1894
"55403","Nikko Locastro","DDO",2018,2018-04-26,1876
"55421","Garrett Gurthie","DDO",2018,2018-04-26,1728
"55445","James Conrad","DDO",2018,2018-04-26,1832
"55554","Paul McBeth","DDO",2018,2018-04-26,1948
"55665","Jeremy Koling","DDO",2018,2018-04-26,1854
"55733","Eagle McMahon","DDO",2018,2018-04-26,1894
"55736","Richard Wysocki","DDO",2018,2018-04-26,1963
"55794","Kevin Jones","DDO",2018,2018-04-26,1776
"55920","Drew Gibson","DDO",2018,2018-04-26,1864
"55958","Chris Clemons","DDO",2018,2018-04-26,1779
"56013","Eric Oakley","DDO",2018,2018-04-26,1808
"56195","Chris Dickerson","DDO",2018,2018-04-26,1822
"56227","Andrew Presnell","DDO",2018,2018-04-26,1760
"56352","Joel Freeman","DDO",2018,2018-04-26,1762
"56642","Thomas Gilbert","DDO",2018,2018-04-26,1660
"58369","Simon Lizotte","Masters Cup",2018,2018-05-18,1884
"58431","Garrett Gurthie","Masters Cup",2018,2018-05-18,1737
"58455","James Conrad","Masters Cup",2018,2018-05-18,1812
"58564","Paul McBeth","Masters Cup",2018,2018-05-18,1957
"58635","Bradley Williams","Masters Cup",2018,2018-05-18,1804
"58675","Jeremy Koling","Masters Cup",2018,2018-05-18,1856
"58743","Eagle McMahon","Masters Cup",2018,2018-05-18,1903
"58746","Richard Wysocki","Masters Cup",2018,2018-05-18,1967
"58804","Kevin Jones","Masters Cup",2018,2018-05-18,1790
"58930","Drew Gibson","Masters Cup",2018,2018-05-18,1864
"59023","Eric Oakley","Masters Cup",2018,2018-05-18,1814
"59874","Simon Lizotte","San Francisco",2018,2018-05-25,1902
"59936","Garrett Gurthie","San Francisco",2018,2018-05-25,1758
"59960","James Conrad","San Francisco",2018,2018-05-25,1834
"60069","Paul McBeth","San Francisco",2018,2018-05-25,1963
"60140","Bradley Williams","San Francisco",2018,2018-05-25,1812
"60180","Jeremy Koling","San Francisco",2018,2018-05-25,1864
"60248","Eagle McMahon","San Francisco",2018,2018-05-25,1911
"60251","Richard Wysocki","San Francisco",2018,2018-05-25,1968
"60309","Kevin Jones","San Francisco",2018,2018-05-25,1796
"60435","Drew Gibson","San Francisco",2018,2018-05-25,1872
"60528","Eric Oakley","San Francisco",2018,2018-05-25,1823
"62884","Simon Lizotte","Beaver",2018,2018-06-08,1904
"62946","Garrett Gurthie","Beaver",2018,2018-06-08,1791
"62970","James Conrad","Beaver",2018,2018-06-08,1852
"63079","Paul McBeth","Beaver",2018,2018-06-08,1969
"63150","Bradley Williams","Beaver",2018,2018-06-08,1829
"63190","Jeremy Koling","Beaver",2018,2018-06-08,1871
"63258","Eagle McMahon","Beaver",2018,2018-06-08,1924
"63261","Richard Wysocki","Beaver",2018,2018-06-08,1976
"63319","Kevin Jones","Beaver",2018,2018-06-08,1822
"63445","Drew Gibson","Beaver",2018,2018-06-08,1883
"63483","Chris Clemons","Beaver",2018,2018-06-08,1789
"63538","Eric Oakley","Beaver",2018,2018-06-08,1834
"63877","Joel Freeman","Beaver",2018,2018-06-08,1771
"65894","Simon Lizotte","Sula",2018,2018-06-22,1915
"67461","Garrett Gurthie","Utah",2018,2018-06-22,1792
"67485","James Conrad","Utah",2018,2018-06-22,1856
"67594","Paul McBeth","Utah",2018,2018-06-22,1976
"67665","Bradley Williams","Utah",2018,2018-06-22,1821
"67705","Jeremy Koling","Utah",2018,2018-06-22,1864
"67773","Eagle McMahon","Utah",2018,2018-06-22,1933
"67776","Richard Wysocki","Utah",2018,2018-06-22,1983
"67834","Kevin Jones","Utah",2018,2018-06-22,1826
"67960","Drew Gibson","Utah",2018,2018-06-22,1885
"67998","Chris Clemons","Utah",2018,2018-06-22,1792
"68053","Eric Oakley","Utah",2018,2018-06-22,1823
"68267","Andrew Presnell","Utah",2018,2018-06-22,1770
"68392","Joel Freeman","Utah",2018,2018-06-22,1789
"69281","Richard Wysocki","Skellefte√•",2018,2018-07-06,1987
"70453","Nikko Locastro","DGLO",2018,2018-07-06,1879
"70471","Garrett Gurthie","DGLO",2018,2018-07-06,1801
"70495","James Conrad","DGLO",2018,2018-07-06,1860
"70604","Paul McBeth","DGLO",2018,2018-07-06,1982
"70675","Bradley Williams","DGLO",2018,2018-07-06,1822
"70715","Jeremy Koling","DGLO",2018,2018-07-06,1852
"70844","Kevin Jones","DGLO",2018,2018-07-06,1834
"70904","Corey Ellis","DGLO",2018,2018-07-06,1599
"70970","Drew Gibson","DGLO",2018,2018-07-06,1878
"71008","Chris Clemons","DGLO",2018,2018-07-06,1794
"71063","Eric Oakley","DGLO",2018,2018-07-06,1832
"71128","Adam Hammes","DGLO",2018,2018-07-06,1679
"71277","Andrew Presnell","DGLO",2018,2018-07-06,1775
"71692","Thomas Gilbert","DGLO",2018,2018-07-06,1684
"71914","Simon Lizotte","Konopiste",2018,2018-07-12,1924
"72109","Paul McBeth","Konopiste",2018,2018-07-12,1985
"72220","Jeremy Koling","Konopiste",2018,2018-07-12,1865
"72288","Eagle McMahon","Konopiste",2018,2018-07-12,1941
"72291","Richard Wysocki","Konopiste",2018,2018-07-12,1986
"73419","Simon Lizotte","Ale",2018,2018-07-20,1915
"73725","Jeremy Koling","Ale",2018,2018-07-20,1851
"73796","Richard Wysocki","Ale",2018,2018-07-20,1956
"74968","Nikko Locastro","Idlewild",2018,2018-07-20,1881
"74986","Garrett Gurthie","Idlewild",2018,2018-07-20,1805
"75010","James Conrad","Idlewild",2018,2018-07-20,1870
"75119","Paul McBeth","Idlewild",2018,2018-07-20,1990
"75190","Bradley Williams","Idlewild",2018,2018-07-20,1828
"75359","Kevin Jones","Idlewild",2018,2018-07-20,1839
"75419","Corey Ellis","Idlewild",2018,2018-07-20,1641
"75444","Calvin Heimburg","Idlewild",2018,2018-07-20,1728
"75485","Drew Gibson","Idlewild",2018,2018-07-20,1889
"75523","Chris Clemons","Idlewild",2018,2018-07-20,1797
"75578","Eric Oakley","Idlewild",2018,2018-07-20,1839
"75643","Adam Hammes","Idlewild",2018,2018-07-20,1698
"75760","Chris Dickerson","Idlewild",2018,2018-07-20,1830
"77978","Nikko Locastro","Ledgestone",2018,2018-08-09,1883
"77996","Garrett Gurthie","Ledgestone",2018,2018-08-09,1825
"78020","James Conrad","Ledgestone",2018,2018-08-09,1885
"78027","Matthew Orum","Ledgestone",2018,2018-08-09,1802
"78129","Paul McBeth","Ledgestone",2018,2018-08-09,1995
"78240","Jeremy Koling","Ledgestone",2018,2018-08-09,1879
"78311","Richard Wysocki","Ledgestone",2018,2018-08-09,1998
"78369","Kevin Jones","Ledgestone",2018,2018-08-09,1862
"78429","Corey Ellis","Ledgestone",2018,2018-08-09,1685
"78454","Calvin Heimburg","Ledgestone",2018,2018-08-09,1762
"78495","Drew Gibson","Ledgestone",2018,2018-08-09,1901
"78533","Chris Clemons","Ledgestone",2018,2018-08-09,1806
"78588","Eric Oakley","Ledgestone",2018,2018-08-09,1840
"78653","Adam Hammes","Ledgestone",2018,2018-08-09,1704
"78770","Chris Dickerson","Ledgestone",2018,2018-08-09,1850
"78802","Andrew Presnell","Ledgestone",2018,2018-08-09,1790
"78927","Joel Freeman","Ledgestone",2018,2018-08-09,1801
"79217","Thomas Gilbert","Ledgestone",2018,2018-08-09,1698
"79439","Simon Lizotte","European Disc Golf Championships",2018,2018-08-15,1932
"80944","Simon Lizotte","MVP",2018,2018-08-24,1934
"80988","Nikko Locastro","MVP",2018,2018-08-24,1893
"81006","Garrett Gurthie","MVP",2018,2018-08-24,1823
"81030","James Conrad","MVP",2018,2018-08-24,1895
"81037","Matthew Orum","MVP",2018,2018-08-24,1812
"81139","Paul McBeth","MVP",2018,2018-08-24,1999
"81250","Jeremy Koling","MVP",2018,2018-08-24,1875
"81318","Eagle McMahon","MVP",2018,2018-08-24,1945
"81321","Richard Wysocki","MVP",2018,2018-08-24,1987
"81379","Kevin Jones","MVP",2018,2018-08-24,1864
"81464","Calvin Heimburg","MVP",2018,2018-08-24,1783
"81505","Drew Gibson","MVP",2018,2018-08-24,1902
"81543","Chris Clemons","MVP",2018,2018-08-24,1816
"81598","Eric Oakley","MVP",2018,2018-08-24,1846
"81780","Chris Dickerson","MVP",2018,2018-08-24,1856
"81812","Andrew Presnell","MVP",2018,2018-08-24,1794
"81937","Joel Freeman","MVP",2018,2018-08-24,1808
"82227","Thomas Gilbert","MVP",2018,2018-08-24,1713
"83954","Simon Lizotte","World",2018,2018-09-05,1939
"83998","Nikko Locastro","World",2018,2018-09-05,1907
"84016","Garrett Gurthie","World",2018,2018-09-05,1841
"84040","James Conrad","World",2018,2018-09-05,1911
"84047","Matthew Orum","World",2018,2018-09-05,1838
"84149","Paul McBeth","World",2018,2018-09-05,2006
"84220","Bradley Williams","World",2018,2018-09-05,1850
"84260","Jeremy Koling","World",2018,2018-09-05,1891
"84328","Eagle McMahon","World",2018,2018-09-05,1951
"84331","Richard Wysocki","World",2018,2018-09-05,2005
"84389","Kevin Jones","World",2018,2018-09-05,1879
"84474","Calvin Heimburg","World",2018,2018-09-05,1809
"84515","Drew Gibson","World",2018,2018-09-05,1907
"84553","Chris Clemons","World",2018,2018-09-05,1838
"84608","Eric Oakley","World",2018,2018-09-05,1855
"84673","Adam Hammes","World",2018,2018-09-05,1741
"84790","Chris Dickerson","World",2018,2018-09-05,1872
"84822","Andrew Presnell","World",2018,2018-09-05,1821
"84947","Joel Freeman","World",2018,2018-09-05,1827
"85237","Thomas Gilbert","World",2018,2018-09-05,1740
"85545","James Conrad","Delaware",2018,2018-09-14,1906
"85654","Paul McBeth","Delaware",2018,2018-09-14,2018
"85765","Jeremy Koling","Delaware",2018,2018-09-14,1896
"85833","Eagle McMahon","Delaware",2018,2018-09-14,1958
"85836","Richard Wysocki","Delaware",2018,2018-09-14,2015
"85894","Kevin Jones","Delaware",2018,2018-09-14,1883
"85979","Calvin Heimburg","Delaware",2018,2018-09-14,1822
"86020","Drew Gibson","Delaware",2018,2018-09-14,1909
"86113","Eric Oakley","Delaware",2018,2018-09-14,1852
"86452","Joel Freeman","Delaware",2018,2018-09-14,1836
"86964","Simon Lizotte","USDGC",2018,2018-10-03,1944
"87008","Nikko Locastro","USDGC",2018,2018-10-03,1922
"87026","Garrett Gurthie","USDGC",2018,2018-10-03,1871
"87050","James Conrad","USDGC",2018,2018-10-03,1937
"87057","Matthew Orum","USDGC",2018,2018-10-03,1862
"87159","Paul McBeth","USDGC",2018,2018-10-03,2030
"87270","Jeremy Koling","USDGC",2018,2018-10-03,1913
"87338","Eagle McMahon","USDGC",2018,2018-10-03,1973
"87341","Richard Wysocki","USDGC",2018,2018-10-03,2025
"87399","Kevin Jones","USDGC",2018,2018-10-03,1908
"87484","Calvin Heimburg","USDGC",2018,2018-10-03,1846
"87525","Drew Gibson","USDGC",2018,2018-10-03,1921
"87563","Chris Clemons","USDGC",2018,2018-10-03,1859
"87618","Eric Oakley","USDGC",2018,2018-10-03,1876
"87683","Adam Hammes","USDGC",2018,2018-10-03,1778
"87800","Chris Dickerson","USDGC",2018,2018-10-03,1896
"87832","Andrew Presnell","USDGC",2018,2018-10-03,1844
"87957","Joel Freeman","USDGC",2018,2018-10-03,1863
"88469","Simon Lizotte","HOFC",2018,2018-10-12,1937
"88531","Garrett Gurthie","HOFC",2018,2018-10-12,1879
"88555","James Conrad","HOFC",2018,2018-10-12,1946
"88664","Paul McBeth","HOFC",2018,2018-10-12,2041
"88843","Eagle McMahon","HOFC",2018,2018-10-12,1983
"88846","Richard Wysocki","HOFC",2018,2018-10-12,2029
"88904","Kevin Jones","HOFC",2018,2018-10-12,1918
"88989","Calvin Heimburg","HOFC",2018,2018-10-12,1853
"89030","Drew Gibson","HOFC",2018,2018-10-12,1926
"89123","Eric Oakley","HOFC",2018,2018-10-12,1883
"89305","Chris Dickerson","HOFC",2018,2018-10-12,1913
"89462","Joel Freeman","HOFC",2018,2018-10-12,1862
"89896","Alden Harris","HOFC",2018,2018-10-12,1550
"89967","Simon Lizotte","LVC",2019,2019-02-21,1905
"89990","Nikko Locastro","LVC",2019,2019-02-21,1881
"89996","Garrett Gurthie","LVC",2019,2019-02-21,1843
"90009","James Conrad","LVC",2019,2019-02-21,1887
"90084","Paul McBeth","LVC",2019,2019-02-21,1968
"90159","Jeremy Koling","LVC",2019,2019-02-21,1864
"90202","Eagle McMahon","LVC",2019,2019-02-21,1947
"90206","Richard Wysocki","LVC",2019,2019-02-21,1972
"90257","Kevin Jones","LVC",2019,2019-02-21,1891
"90301","Corey Ellis","LVC",2019,2019-02-21,1690
"90326","Calvin Heimburg","LVC",2019,2019-02-21,1838
"90348","Drew Gibson","LVC",2019,2019-02-21,1892
"90378","Chris Clemons","LVC",2019,2019-02-21,1832
"90427","Eric Oakley","LVC",2019,2019-02-21,1860
"90481","Adam Hammes","LVC",2019,2019-02-21,1761
"90586","Andrew Presnell","LVC",2019,2019-02-21,1830
"90686","Joel Freeman","LVC",2019,2019-02-21,1834
"90962","Thomas Gilbert","LVC",2019,2019-02-21,1747
"91220","Simon Lizotte","Memorial",2019,2019-02-28,1917
"91243","Nikko Locastro","Memorial",2019,2019-02-28,1876
"91249","Garrett Gurthie","Memorial",2019,2019-02-28,1853
"91337","Paul McBeth","Memorial",2019,2019-02-28,1996
"91412","Jeremy Koling","Memorial",2019,2019-02-28,1885
"91455","Eagle McMahon","Memorial",2019,2019-02-28,1960
"91459","Richard Wysocki","Memorial",2019,2019-02-28,1984
"91510","Kevin Jones","Memorial",2019,2019-02-28,1893
"91554","Corey Ellis","Memorial",2019,2019-02-28,1700
"91579","Calvin Heimburg","Memorial",2019,2019-02-28,1845
"91601","Drew Gibson","Memorial",2019,2019-02-28,1890
"91631","Chris Clemons","Memorial",2019,2019-02-28,1847
"91680","Eric Oakley","Memorial",2019,2019-02-28,1867
"91734","Adam Hammes","Memorial",2019,2019-02-28,1791
"91839","Andrew Presnell","Memorial",2019,2019-02-28,1840
"91939","Joel Freeman","Memorial",2019,2019-02-28,1839
"92215","Thomas Gilbert","Memorial",2019,2019-02-28,1748
"92473","Simon Lizotte","Waco",2019,2019-03-14,1920
"92502","Garrett Gurthie","Waco",2019,2019-03-14,1858
"92515","James Conrad","Waco",2019,2019-03-14,1910
"92524","Matthew Orum","Waco",2019,2019-03-14,1831
"92590","Paul McBeth","Waco",2019,2019-03-14,2003
"92665","Jeremy Koling","Waco",2019,2019-03-14,1893
"92708","Eagle McMahon","Waco",2019,2019-03-14,1961
"92712","Richard Wysocki","Waco",2019,2019-03-14,1988
"92763","Kevin Jones","Waco",2019,2019-03-14,1889
"92807","Corey Ellis","Waco",2019,2019-03-14,1698
"92832","Calvin Heimburg","Waco",2019,2019-03-14,1851
"92884","Chris Clemons","Waco",2019,2019-03-14,1846
"92933","Eric Oakley","Waco",2019,2019-03-14,1872
"92987","Adam Hammes","Waco",2019,2019-03-14,1804
"93092","Andrew Presnell","Waco",2019,2019-03-14,1847
"93192","Joel Freeman","Waco",2019,2019-03-14,1839
"93726","Simon Lizotte","Jonesboro",2019,2019-04-12,1928
"93755","Garrett Gurthie","Jonesboro",2019,2019-04-12,1876
"93768","James Conrad","Jonesboro",2019,2019-04-12,1912
"93777","Matthew Orum","Jonesboro",2019,2019-04-12,1844
"93843","Paul McBeth","Jonesboro",2019,2019-04-12,2012
"93961","Eagle McMahon","Jonesboro",2019,2019-04-12,1969
"93965","Richard Wysocki","Jonesboro",2019,2019-04-12,1994
"94016","Kevin Jones","Jonesboro",2019,2019-04-12,1901
"94085","Calvin Heimburg","Jonesboro",2019,2019-04-12,1858
"94137","Chris Clemons","Jonesboro",2019,2019-04-12,1855
"94186","Eric Oakley","Jonesboro",2019,2019-04-12,1877
"94240","Adam Hammes","Jonesboro",2019,2019-04-12,1817
"94320","Chris Dickerson","Jonesboro",2019,2019-04-12,1887
"94345","Andrew Presnell","Jonesboro",2019,2019-04-12,1857
"94445","Joel Freeman","Jonesboro",2019,2019-04-12,1844
"96232","Simon Lizotte","DDO",2019,2019-04-24,1925
"96261","Garrett Gurthie","DDO",2019,2019-04-24,1865
"96274","James Conrad","DDO",2019,2019-04-24,1904
"96349","Paul McBeth","DDO",2019,2019-04-24,2015
"96424","Jeremy Koling","DDO",2019,2019-04-24,1884
"96467","Eagle McMahon","DDO",2019,2019-04-24,1978
"96471","Richard Wysocki","DDO",2019,2019-04-24,2001
"96522","Kevin Jones","DDO",2019,2019-04-24,1912
"96591","Calvin Heimburg","DDO",2019,2019-04-24,1872
"96613","Drew Gibson","DDO",2019,2019-04-24,1882
"96643","Chris Clemons","DDO",2019,2019-04-24,1861
"96692","Eric Oakley","DDO",2019,2019-04-24,1870
"96746","Adam Hammes","DDO",2019,2019-04-24,1835
"96826","Chris Dickerson","DDO",2019,2019-04-24,1895
"96851","Andrew Presnell","DDO",2019,2019-04-24,1867
"96951","Joel Freeman","DDO",2019,2019-04-24,1853
"97227","Thomas Gilbert","DDO",2019,2019-04-24,1768
"97374","Alden Harris","DDO",2019,2019-04-24,1570
"98738","Simon Lizotte","San Francisco",2019,2019-05-10,1932
"98761","Nikko Locastro","San Francisco",2019,2019-05-10,1887
"98767","Garrett Gurthie","San Francisco",2019,2019-05-10,1876
"98780","James Conrad","San Francisco",2019,2019-05-10,1918
"98789","Matthew Orum","San Francisco",2019,2019-05-10,1852
"98855","Paul McBeth","San Francisco",2019,2019-05-10,2019
"98930","Jeremy Koling","San Francisco",2019,2019-05-10,1895
"98973","Eagle McMahon","San Francisco",2019,2019-05-10,1981
"98977","Richard Wysocki","San Francisco",2019,2019-05-10,2010
"99028","Kevin Jones","San Francisco",2019,2019-05-10,1917
"99097","Calvin Heimburg","San Francisco",2019,2019-05-10,1884
"99119","Drew Gibson","San Francisco",2019,2019-05-10,1901
"99149","Chris Clemons","San Francisco",2019,2019-05-10,1861
"99198","Eric Oakley","San Francisco",2019,2019-05-10,1862
"99252","Adam Hammes","San Francisco",2019,2019-05-10,1847
"99357","Andrew Presnell","San Francisco",2019,2019-05-10,1865
"99457","Joel Freeman","San Francisco",2019,2019-05-10,1857
"99733","Thomas Gilbert","San Francisco",2019,2019-05-10,1774
"101244","Simon Lizotte","Masters Cup",2019,2019-05-18,1947
"101273","Garrett Gurthie","Masters Cup",2019,2019-05-18,1901
"101286","James Conrad","Masters Cup",2019,2019-05-18,1930
"101295","Matthew Orum","Masters Cup",2019,2019-05-18,1864
"101361","Paul McBeth","Masters Cup",2019,2019-05-18,2023
"101436","Jeremy Koling","Masters Cup",2019,2019-05-18,1904
"101479","Eagle McMahon","Masters Cup",2019,2019-05-18,1980
"101483","Richard Wysocki","Masters Cup",2019,2019-05-18,2015
"101534","Kevin Jones","Masters Cup",2019,2019-05-18,1926
"101603","Calvin Heimburg","Masters Cup",2019,2019-05-18,1899
"101625","Drew Gibson","Masters Cup",2019,2019-05-18,1909
"101655","Chris Clemons","Masters Cup",2019,2019-05-18,1873
"101704","Eric Oakley","Masters Cup",2019,2019-05-18,1897
"101758","Adam Hammes","Masters Cup",2019,2019-05-18,1856
"101863","Andrew Presnell","Masters Cup",2019,2019-05-18,1875
"101963","Joel Freeman","Masters Cup",2019,2019-05-18,1870
"102239","Thomas Gilbert","Masters Cup",2019,2019-05-18,1796
"103750","Simon Lizotte","Portland",2019,2019-05-25,1953
"103779","Garrett Gurthie","Portland",2019,2019-05-25,1905
"103792","James Conrad","Portland",2019,2019-05-25,1937
"103801","Matthew Orum","Portland",2019,2019-05-25,1869
"103942","Jeremy Koling","Portland",2019,2019-05-25,1909
"103985","Eagle McMahon","Portland",2019,2019-05-25,1995
"103989","Richard Wysocki","Portland",2019,2019-05-25,2019
"104040","Kevin Jones","Portland",2019,2019-05-25,1930
"104109","Calvin Heimburg","Portland",2019,2019-05-25,1897
"104131","Drew Gibson","Portland",2019,2019-05-25,1920
"104161","Chris Clemons","Portland",2019,2019-05-25,1871
"104210","Eric Oakley","Portland",2019,2019-05-25,1897
"104264","Adam Hammes","Portland",2019,2019-05-25,1863
"104369","Andrew Presnell","Portland",2019,2019-05-25,1880
"104469","Joel Freeman","Portland",2019,2019-05-25,1875
"104745","Thomas Gilbert","Portland",2019,2019-05-25,1806
"105003","Simon Lizotte","Beaver",2019,2019-06-07,1959
"105032","Garrett Gurthie","Beaver",2019,2019-06-07,1914
"105045","James Conrad","Beaver",2019,2019-06-07,1950
"105195","Jeremy Koling","Beaver",2019,2019-06-07,1918
"105238","Eagle McMahon","Beaver",2019,2019-06-07,2007
"105242","Richard Wysocki","Beaver",2019,2019-06-07,2026
"105293","Kevin Jones","Beaver",2019,2019-06-07,1942
"105362","Calvin Heimburg","Beaver",2019,2019-06-07,1914
"105384","Drew Gibson","Beaver",2019,2019-06-07,1913
"105414","Chris Clemons","Beaver",2019,2019-06-07,1886
"105463","Eric Oakley","Beaver",2019,2019-06-07,1899
"105517","Adam Hammes","Beaver",2019,2019-06-07,1870
"105622","Andrew Presnell","Beaver",2019,2019-06-07,1889
"105722","Joel Freeman","Beaver",2019,2019-06-07,1890
"105998","Thomas Gilbert","Beaver",2019,2019-06-07,1814
"108762","Simon Lizotte","Ledgestone",2019,2019-06-21,1962
"108785","Nikko Locastro","Ledgestone",2019,2019-06-21,1889
"108791","Garrett Gurthie","Ledgestone",2019,2019-06-21,1918
"108804","James Conrad","Ledgestone",2019,2019-06-21,1947
"108813","Matthew Orum","Ledgestone",2019,2019-06-21,1870
"108879","Paul McBeth","Ledgestone",2019,2019-06-21,2029
"108954","Jeremy Koling","Ledgestone",2019,2019-06-21,1918
"109001","Richard Wysocki","Ledgestone",2019,2019-06-21,2030
"109052","Kevin Jones","Ledgestone",2019,2019-06-21,1949
"109096","Corey Ellis","Ledgestone",2019,2019-06-21,1719
"109121","Calvin Heimburg","Ledgestone",2019,2019-06-21,1910
"109143","Drew Gibson","Ledgestone",2019,2019-06-21,1916
"109173","Chris Clemons","Ledgestone",2019,2019-06-21,1888
"109222","Eric Oakley","Ledgestone",2019,2019-06-21,1900
"109276","Adam Hammes","Ledgestone",2019,2019-06-21,1868
"109356","Chris Dickerson","Ledgestone",2019,2019-06-21,1896
"109381","Andrew Presnell","Ledgestone",2019,2019-06-21,1889
"109757","Thomas Gilbert","Ledgestone",2019,2019-06-21,1823
"109904","Alden Harris","Ledgestone",2019,2019-06-21,1585
"111268","Simon Lizotte","Tyyni",2019,2019-06-27,1918
"111503","Eagle McMahon","Tyyni",2019,2019-06-27,2011
"111728","Eric Oakley","Tyyni",2019,2019-06-27,1905
"112544","Nikko Locastro","DGLO",2019,2019-07-05,1893
"112550","Garrett Gurthie","DGLO",2019,2019-07-05,1919
"112638","Paul McBeth","DGLO",2019,2019-07-05,2036
"112811","Kevin Jones","DGLO",2019,2019-07-05,1959
"112880","Calvin Heimburg","DGLO",2019,2019-07-05,1919
"112932","Chris Clemons","DGLO",2019,2019-07-05,1891
"113035","Adam Hammes","DGLO",2019,2019-07-05,1878
"113140","Andrew Presnell","DGLO",2019,2019-07-05,1885
"113240","Joel Freeman","DGLO",2019,2019-07-05,1872
"113516","Thomas Gilbert","DGLO",2019,2019-07-05,1831
"113816","James Conrad","Estonian Open",2019,2019-07-11,1932
"114009","Eagle McMahon","Estonian Open",2019,2019-07-11,1991
"114013","Richard Wysocki","Estonian Open",2019,2019-07-11,2032
"114064","Kevin Jones","Estonian Open",2019,2019-07-11,1960
"115027","Simon Lizotte","European Open",2019,2019-07-18,1966
"115069","James Conrad","European Open",2019,2019-07-18,1953
"115144","Paul McBeth","European Open",2019,2019-07-18,2043
"115219","Jeremy Koling","European Open",2019,2019-07-18,1927
"115262","Eagle McMahon","European Open",2019,2019-07-18,2004
"115266","Richard Wysocki","European Open",2019,2019-07-18,2005
"115317","Kevin Jones","European Open",2019,2019-07-18,1965
"115487","Eric Oakley","European Open",2019,2019-07-18,1907
"116309","Garrett Gurthie","Idlewild",2019,2019-07-26,1927
"116322","James Conrad","Idlewild",2019,2019-07-26,1963
"116331","Matthew Orum","Idlewild",2019,2019-07-26,1879
"116570","Kevin Jones","Idlewild",2019,2019-07-26,1975
"116614","Corey Ellis","Idlewild",2019,2019-07-26,1743
"116639","Calvin Heimburg","Idlewild",2019,2019-07-26,1925
"116691","Chris Clemons","Idlewild",2019,2019-07-26,1900
"116740","Eric Oakley","Idlewild",2019,2019-07-26,1908
"116874","Chris Dickerson","Idlewild",2019,2019-07-26,1901
"116999","Joel Freeman","Idlewild",2019,2019-07-26,1897
"117533","Simon Lizotte","World",2019,2019-08-13,1977
"117556","Nikko Locastro","World",2019,2019-08-13,1909
"117562","Garrett Gurthie","World",2019,2019-08-13,1942
"117575","James Conrad","World",2019,2019-08-13,1977
"117584","Matthew Orum","World",2019,2019-08-13,1895
"117650","Paul McBeth","World",2019,2019-08-13,2052
"117768","Eagle McMahon","World",2019,2019-08-13,2021
"117772","Richard Wysocki","World",2019,2019-08-13,2045
"117823","Kevin Jones","World",2019,2019-08-13,1985
"117867","Corey Ellis","World",2019,2019-08-13,1777
"117892","Calvin Heimburg","World",2019,2019-08-13,1938
"117914","Drew Gibson","World",2019,2019-08-13,1925
"117944","Chris Clemons","World",2019,2019-08-13,1915
"117993","Eric Oakley","World",2019,2019-08-13,1927
"118047","Adam Hammes","World",2019,2019-08-13,1892
"118127","Chris Dickerson","World",2019,2019-08-13,1921
"118152","Andrew Presnell","World",2019,2019-08-13,1906
"118252","Joel Freeman","World",2019,2019-08-13,1909
"118528","Thomas Gilbert","World",2019,2019-08-13,1843
"118786","Simon Lizotte","Delaware",2019,2019-08-23,1974
"118815","Garrett Gurthie","Delaware",2019,2019-08-23,1950
"118828","James Conrad","Delaware",2019,2019-08-23,1985
"119021","Eagle McMahon","Delaware",2019,2019-08-23,2016
"119025","Richard Wysocki","Delaware",2019,2019-08-23,2049
"119145","Calvin Heimburg","Delaware",2019,2019-08-23,1946
"119246","Eric Oakley","Delaware",2019,2019-08-23,1920
"119505","Joel Freeman","Delaware",2019,2019-08-23,1922
"119781","Thomas Gilbert","Delaware",2019,2019-08-23,1834
"120039","Simon Lizotte","MVP",2019,2019-08-30,1989
"120062","Nikko Locastro","MVP",2019,2019-08-30,1914
"120068","Garrett Gurthie","MVP",2019,2019-08-30,1958
"120081","James Conrad","MVP",2019,2019-08-30,1988
"120090","Matthew Orum","MVP",2019,2019-08-30,1899
"120156","Paul McBeth","MVP",2019,2019-08-30,2056
"120278","Richard Wysocki","MVP",2019,2019-08-30,2051
"120329","Kevin Jones","MVP",2019,2019-08-30,1978
"120398","Calvin Heimburg","MVP",2019,2019-08-30,1947
"120420","Drew Gibson","MVP",2019,2019-08-30,1921
"120450","Chris Clemons","MVP",2019,2019-08-30,1910
"120499","Eric Oakley","MVP",2019,2019-08-30,1931
"120553","Adam Hammes","MVP",2019,2019-08-30,1901
"120658","Andrew Presnell","MVP",2019,2019-08-30,1906
"120758","Joel Freeman","MVP",2019,2019-08-30,1932
"121034","Thomas Gilbert","MVP",2019,2019-08-30,1846
"122545","Simon Lizotte","Green",2019,2019-09-12,1993
"122568","Nikko Locastro","Green",2019,2019-09-12,1927
"122574","Garrett Gurthie","Green",2019,2019-09-12,1960
"122587","James Conrad","Green",2019,2019-09-12,1994
"122596","Matthew Orum","Green",2019,2019-09-12,1908
"122662","Paul McBeth","Green",2019,2019-09-12,2065
"122737","Jeremy Koling","Green",2019,2019-09-12,1928
"122784","Richard Wysocki","Green",2019,2019-09-12,2053
"122835","Kevin Jones","Green",2019,2019-09-12,1985
"122904","Calvin Heimburg","Green",2019,2019-09-12,1959
"122926","Drew Gibson","Green",2019,2019-09-12,1923
"122956","Chris Clemons","Green",2019,2019-09-12,1928
"123005","Eric Oakley","Green",2019,2019-09-12,1926
"123059","Adam Hammes","Green",2019,2019-09-12,1904
"123139","Chris Dickerson","Green",2019,2019-09-12,1933
"123264","Joel Freeman","Green",2019,2019-09-12,1935
"123798","Simon Lizotte","USDGC",2019,2019-10-02,1972
"123821","Nikko Locastro","USDGC",2019,2019-10-02,1943
"123827","Garrett Gurthie","USDGC",2019,2019-10-02,1971
"123840","James Conrad","USDGC",2019,2019-10-02,2001
"123915","Paul McBeth","USDGC",2019,2019-10-02,2046
"123990","Jeremy Koling","USDGC",2019,2019-10-02,1946
"124033","Eagle McMahon","USDGC",2019,2019-10-02,2020
"124088","Kevin Jones","USDGC",2019,2019-10-02,1981
"124132","Corey Ellis","USDGC",2019,2019-10-02,1789
"124157","Calvin Heimburg","USDGC",2019,2019-10-02,1963
"124179","Drew Gibson","USDGC",2019,2019-10-02,1940
"124209","Chris Clemons","USDGC",2019,2019-10-02,1945
"124258","Eric Oakley","USDGC",2019,2019-10-02,1937
"124312","Adam Hammes","USDGC",2019,2019-10-02,1920
"124392","Chris Dickerson","USDGC",2019,2019-10-02,1947
"124417","Andrew Presnell","USDGC",2019,2019-10-02,1915
"124517","Joel Freeman","USDGC",2019,2019-10-02,1941
"124784","Kyle Klein","USDGC",2019,2019-10-02,1689
"124793","Thomas Gilbert","USDGC",2019,2019-10-02,1857
"125051","Simon Lizotte","HOFC",2019,2019-10-11,2008
"125074","Nikko Locastro","HOFC",2019,2019-10-11,1945
"125080","Garrett Gurthie","HOFC",2019,2019-10-11,1982
"125093","James Conrad","HOFC",2019,2019-10-11,2000
"125243","Jeremy Koling","HOFC",2019,2019-10-11,1949
"125341","Kevin Jones","HOFC",2019,2019-10-11,1990
"125410","Calvin Heimburg","HOFC",2019,2019-10-11,1979
"125432","Drew Gibson","HOFC",2019,2019-10-11,1943
"125462","Chris Clemons","HOFC",2019,2019-10-11,1944
"125511","Eric Oakley","HOFC",2019,2019-10-11,1943
"125565","Adam Hammes","HOFC",2019,2019-10-11,1938
"125645","Chris Dickerson","HOFC",2019,2019-10-11,1962
"125670","Andrew Presnell","HOFC",2019,2019-10-11,1918
"125770","Joel Freeman","HOFC",2019,2019-10-11,1950
"126193","Alden Harris","HOFC",2019,2019-10-11,1683
"126288","Simon Lizotte","Memorial",2020,2020-02-27,1957
"126298","Nikko Locastro","Memorial",2020,2020-02-27,1893
"126300","Garrett Gurthie","Memorial",2020,2020-02-27,1936
"126310","James Conrad","Memorial",2020,2020-02-27,1905
"126354","Paul McBeth","Memorial",2020,2020-02-27,2001
"126387","Jeremy Koling","Memorial",2020,2020-02-27,1907
"126405","Eagle McMahon","Memorial",2020,2020-02-27,1978
"126408","Richard Wysocki","Memorial",2020,2020-02-27,1987
"126428","Kevin Jones","Memorial",2020,2020-02-27,1916
"126463","Calvin Heimburg","Memorial",2020,2020-02-27,1948
"126475","Drew Gibson","Memorial",2020,2020-02-27,1909
"126502","Chris Clemons","Memorial",2020,2020-02-27,1894
"126536","Eric Oakley","Memorial",2020,2020-02-27,1900
"126574","Adam Hammes","Memorial",2020,2020-02-27,1895
"126880","Thomas Gilbert","Memorial",2020,2020-02-27,1812
"127141","Simon Lizotte","Waco",2020,2020-03-12,1944
"127151","Nikko Locastro","Waco",2020,2020-03-12,1895
"127153","Garrett Gurthie","Waco",2020,2020-03-12,1927
"127163","James Conrad","Waco",2020,2020-03-12,1910
"127207","Paul McBeth","Waco",2020,2020-03-12,2002
"127229","Bradley Williams","Waco",2020,2020-03-12,1828
"127240","Jeremy Koling","Waco",2020,2020-03-12,1901
"127258","Eagle McMahon","Waco",2020,2020-03-12,1981
"127261","Richard Wysocki","Waco",2020,2020-03-12,1981
"127281","Kevin Jones","Waco",2020,2020-03-12,1926
"127316","Calvin Heimburg","Waco",2020,2020-03-12,1950
"127328","Drew Gibson","Waco",2020,2020-03-12,1906
"127355","Chris Clemons","Waco",2020,2020-03-12,1896
"127389","Eric Oakley","Waco",2020,2020-03-12,1902
"127427","Adam Hammes","Waco",2020,2020-03-12,1900
"127843","Alden Harris","Waco",2020,2020-03-12,1680
"127960","Ezra Aderhold","Waco",2020,2020-03-12,1637
"128847","Simon Lizotte","DDO",2020,2020-06-26,1953
"128857","Nikko Locastro","DDO",2020,2020-06-26,1892
"128869","James Conrad","DDO",2020,2020-06-26,1897
"128913","Paul McBeth","DDO",2020,2020-06-26,2003
"128946","Jeremy Koling","DDO",2020,2020-06-26,1903
"128964","Eagle McMahon","DDO",2020,2020-06-26,1972
"128967","Richard Wysocki","DDO",2020,2020-06-26,1976
"128987","Kevin Jones","DDO",2020,2020-06-26,1916
"129022","Calvin Heimburg","DDO",2020,2020-06-26,1957
"129034","Drew Gibson","DDO",2020,2020-06-26,1913
"129095","Eric Oakley","DDO",2020,2020-06-26,1889
"129182","Chris Dickerson","DDO",2020,2020-06-26,1917
"129197","Andrew Presnell","DDO",2020,2020-06-26,1865
"129433","Kyle Klein","DDO",2020,2020-06-26,1684
"129439","Thomas Gilbert","DDO",2020,2020-06-26,1819
"129666","Ezra Aderhold","DDO",2020,2020-06-26,1669
"129700","Simon Lizotte","Preserve",2020,2020-07-03,1967
"129710","Nikko Locastro","Preserve",2020,2020-07-03,1909
"129712","Garrett Gurthie","Preserve",2020,2020-07-03,1941
"129722","James Conrad","Preserve",2020,2020-07-03,1918
"129799","Jeremy Koling","Preserve",2020,2020-07-03,1908
"129817","Eagle McMahon","Preserve",2020,2020-07-03,1982
"129820","Richard Wysocki","Preserve",2020,2020-07-03,1992
"129840","Kevin Jones","Preserve",2020,2020-07-03,1938
"129875","Calvin Heimburg","Preserve",2020,2020-07-03,1963
"129887","Drew Gibson","Preserve",2020,2020-07-03,1922
"129914","Chris Clemons","Preserve",2020,2020-07-03,1898
"129948","Eric Oakley","Preserve",2020,2020-07-03,1908
"129986","Adam Hammes","Preserve",2020,2020-07-03,1897
"130050","Andrew Presnell","Preserve",2020,2020-07-03,1883
"130286","Kyle Klein","Preserve",2020,2020-07-03,1720
"130292","Thomas Gilbert","Preserve",2020,2020-07-03,1832
"130519","Ezra Aderhold","Preserve",2020,2020-07-03,1709
"131406","Simon Lizotte","DGLO",2020,2020-07-24,1960
"131416","Nikko Locastro","DGLO",2020,2020-07-24,1910
"131418","Garrett Gurthie","DGLO",2020,2020-07-24,1939
"131428","James Conrad","DGLO",2020,2020-07-24,1922
"131472","Paul McBeth","DGLO",2020,2020-07-24,2010
"131505","Jeremy Koling","DGLO",2020,2020-07-24,1883
"131523","Eagle McMahon","DGLO",2020,2020-07-24,1991
"131526","Richard Wysocki","DGLO",2020,2020-07-24,1999
"131546","Kevin Jones","DGLO",2020,2020-07-24,1947
"131566","Corey Ellis","DGLO",2020,2020-07-24,1771
"131581","Calvin Heimburg","DGLO",2020,2020-07-24,1961
"131593","Drew Gibson","DGLO",2020,2020-07-24,1920
"131620","Chris Clemons","DGLO",2020,2020-07-24,1897
"131654","Eric Oakley","DGLO",2020,2020-07-24,1911
"131692","Adam Hammes","DGLO",2020,2020-07-24,1910
"131741","Chris Dickerson","DGLO",2020,2020-07-24,1927
"131756","Andrew Presnell","DGLO",2020,2020-07-24,1885
"131992","Kyle Klein","DGLO",2020,2020-07-24,1742
"131998","Thomas Gilbert","DGLO",2020,2020-07-24,1839
"132108","Alden Harris","DGLO",2020,2020-07-24,1707
"132225","Ezra Aderhold","DGLO",2020,2020-07-24,1733
"134828","Nikko Locastro","Idlewild",2020,2020-08-07,1917
"134830","Garrett Gurthie","Idlewild",2020,2020-08-07,1939
"134840","James Conrad","Idlewild",2020,2020-08-07,1927
"134884","Paul McBeth","Idlewild",2020,2020-08-07,2007
"134917","Jeremy Koling","Idlewild",2020,2020-08-07,1914
"134935","Eagle McMahon","Idlewild",2020,2020-08-07,1998
"134938","Richard Wysocki","Idlewild",2020,2020-08-07,2005
"134958","Kevin Jones","Idlewild",2020,2020-08-07,1953
"134978","Corey Ellis","Idlewild",2020,2020-08-07,1796
"134993","Calvin Heimburg","Idlewild",2020,2020-08-07,1973
"135005","Drew Gibson","Idlewild",2020,2020-08-07,1918
"135032","Chris Clemons","Idlewild",2020,2020-08-07,1904
"135066","Eric Oakley","Idlewild",2020,2020-08-07,1907
"135104","Adam Hammes","Idlewild",2020,2020-08-07,1920
"135153","Chris Dickerson","Idlewild",2020,2020-08-07,1937
"135168","Andrew Presnell","Idlewild",2020,2020-08-07,1894
"135404","Kyle Klein","Idlewild",2020,2020-08-07,1770
"135410","Thomas Gilbert","Idlewild",2020,2020-08-07,1850
"135520","Alden Harris","Idlewild",2020,2020-08-07,1728
"135637","Ezra Aderhold","Idlewild",2020,2020-08-07,1751
"135681","Nikko Locastro","Ledgestone",2020,2020-08-13,1926
"135683","Garrett Gurthie","Ledgestone",2020,2020-08-13,1944
"135693","James Conrad","Ledgestone",2020,2020-08-13,1907
"135697","Matthew Orum","Ledgestone",2020,2020-08-13,1871
"135737","Paul McBeth","Ledgestone",2020,2020-08-13,2024
"135770","Jeremy Koling","Ledgestone",2020,2020-08-13,1915
"135791","Richard Wysocki","Ledgestone",2020,2020-08-13,2014
"135811","Kevin Jones","Ledgestone",2020,2020-08-13,1949
"135831","Corey Ellis","Ledgestone",2020,2020-08-13,1801
"135846","Calvin Heimburg","Ledgestone",2020,2020-08-13,1975
"135858","Drew Gibson","Ledgestone",2020,2020-08-13,1926
"135885","Chris Clemons","Ledgestone",2020,2020-08-13,1909
"135919","Eric Oakley","Ledgestone",2020,2020-08-13,1909
"135957","Adam Hammes","Ledgestone",2020,2020-08-13,1910
"136006","Chris Dickerson","Ledgestone",2020,2020-08-13,1945
"136021","Andrew Presnell","Ledgestone",2020,2020-08-13,1893
"136257","Kyle Klein","Ledgestone",2020,2020-08-13,1789
"136263","Thomas Gilbert","Ledgestone",2020,2020-08-13,1844
"136373","Alden Harris","Ledgestone",2020,2020-08-13,1751
"136490","Ezra Aderhold","Ledgestone",2020,2020-08-13,1764
"136524","Simon Lizotte","Green",2020,2020-09-03,1969
"136534","Nikko Locastro","Green",2020,2020-09-03,1939
"136536","Garrett Gurthie","Green",2020,2020-09-03,1954
"136546","James Conrad","Green",2020,2020-09-03,1947
"136590","Paul McBeth","Green",2020,2020-09-03,2033
"136623","Jeremy Koling","Green",2020,2020-09-03,1917
"136641","Eagle McMahon","Green",2020,2020-09-03,2004
"136644","Richard Wysocki","Green",2020,2020-09-03,2023
"136664","Kevin Jones","Green",2020,2020-09-03,1973
"136699","Calvin Heimburg","Green",2020,2020-09-03,1984
"136738","Chris Clemons","Green",2020,2020-09-03,1920
"136772","Eric Oakley","Green",2020,2020-09-03,1922
"136859","Chris Dickerson","Green",2020,2020-09-03,1949
"137110","Kyle Klein","Green",2020,2020-09-03,1798
"137116","Thomas Gilbert","Green",2020,2020-09-03,1872
"137343","Ezra Aderhold","Green",2020,2020-09-03,1792
"137377","Simon Lizotte","MVP",2020,2020-09-11,1973
"137387","Nikko Locastro","MVP",2020,2020-09-11,1943
"137389","Garrett Gurthie","MVP",2020,2020-09-11,1958
"137399","James Conrad","MVP",2020,2020-09-11,1948
"137443","Paul McBeth","MVP",2020,2020-09-11,2040
"137476","Jeremy Koling","MVP",2020,2020-09-11,1929
"137494","Eagle McMahon","MVP",2020,2020-09-11,2004
"137497","Richard Wysocki","MVP",2020,2020-09-11,2025
"137517","Kevin Jones","MVP",2020,2020-09-11,1960
"137552","Calvin Heimburg","MVP",2020,2020-09-11,1988
"137591","Chris Clemons","MVP",2020,2020-09-11,1925
"137625","Eric Oakley","MVP",2020,2020-09-11,1920
"137712","Chris Dickerson","MVP",2020,2020-09-11,1956
"137963","Kyle Klein","MVP",2020,2020-09-11,1822
"137969","Thomas Gilbert","MVP",2020,2020-09-11,1879
"138196","Ezra Aderhold","MVP",2020,2020-09-11,1802
"138242","Garrett Gurthie","Jonesboro",2020,2020-10-01,1963
"138296","Paul McBeth","Jonesboro",2020,2020-10-01,2043
"138329","Jeremy Koling","Jonesboro",2020,2020-10-01,1933
"138370","Kevin Jones","Jonesboro",2020,2020-10-01,1962
"138405","Calvin Heimburg","Jonesboro",2020,2020-10-01,1996
"138478","Eric Oakley","Jonesboro",2020,2020-10-01,1929
"138516","Adam Hammes","Jonesboro",2020,2020-10-01,1924
"138565","Chris Dickerson","Jonesboro",2020,2020-10-01,1960
"138580","Andrew Presnell","Jonesboro",2020,2020-10-01,1908
"138707","Gannon Buhr","Jonesboro",2020,2020-10-01,1583
"138816","Kyle Klein","Jonesboro",2020,2020-10-01,1830
"138822","Thomas Gilbert","Jonesboro",2020,2020-10-01,1881
"138932","Alden Harris","Jonesboro",2020,2020-10-01,1775
"139049","Ezra Aderhold","Jonesboro",2020,2020-10-01,1813
"139083","Simon Lizotte","USDGC",2020,2020-10-07,1935
"139093","Nikko Locastro","USDGC",2020,2020-10-07,1947
"139095","Garrett Gurthie","USDGC",2020,2020-10-07,1972
"139105","James Conrad","USDGC",2020,2020-10-07,1952
"139149","Paul McBeth","USDGC",2020,2020-10-07,2049
"139171","Bradley Williams","USDGC",2020,2020-10-07,1841
"139182","Jeremy Koling","USDGC",2020,2020-10-07,1937
"139200","Eagle McMahon","USDGC",2020,2020-10-07,1991
"139203","Richard Wysocki","USDGC",2020,2020-10-07,2032
"139223","Kevin Jones","USDGC",2020,2020-10-07,1965
"139258","Calvin Heimburg","USDGC",2020,2020-10-07,2002
"139270","Drew Gibson","USDGC",2020,2020-10-07,1931
"139297","Chris Clemons","USDGC",2020,2020-10-07,1933
"139331","Eric Oakley","USDGC",2020,2020-10-07,1921
"139369","Adam Hammes","USDGC",2020,2020-10-07,1930
"139418","Chris Dickerson","USDGC",2020,2020-10-07,1964
"139433","Andrew Presnell","USDGC",2020,2020-10-07,1913
"139669","Kyle Klein","USDGC",2020,2020-10-07,1845
"139675","Thomas Gilbert","USDGC",2020,2020-10-07,1886
"139785","Alden Harris","USDGC",2020,2020-10-07,1771
"139902","Ezra Aderhold","USDGC",2020,2020-10-07,1812
"139969","Garrett Gurthie","LVC",2021,2021-02-25,1933
"139979","James Conrad","LVC",2021,2021-02-25,1907
"140046","Paul McBeth","LVC",2021,2021-02-25,1985
"140101","Jeremy Koling","LVC",2021,2021-02-25,1882
"140139","Eagle McMahon","LVC",2021,2021-02-25,1955
"140142","Richard Wysocki","LVC",2021,2021-02-25,1980
"140173","Kevin Jones","LVC",2021,2021-02-25,1915
"140231","Calvin Heimburg","LVC",2021,2021-02-25,1957
"140252","Drew Gibson","LVC",2021,2021-02-25,1885
"140289","Chris Clemons","LVC",2021,2021-02-25,1871
"140320","Eric Oakley","LVC",2021,2021-02-25,1871
"140368","Adam Hammes","LVC",2021,2021-02-25,1872
"140447","Andrew Presnell","LVC",2021,2021-02-25,1858
"140753","Kyle Klein","LVC",2021,2021-02-25,1807
"140768","Thomas Gilbert","LVC",2021,2021-02-25,1845
"141144","Ezra Aderhold","LVC",2021,2021-02-25,1809
"141385","Nikko Locastro","Waco",2021,2021-03-12,1919
"141392","Garrett Gurthie","Waco",2021,2021-03-12,1936
"141402","James Conrad","Waco",2021,2021-03-12,1909
"141406","Matthew Orum","Waco",2021,2021-03-12,1846
"141469","Paul McBeth","Waco",2021,2021-03-12,2000
"141505","Bradley Williams","Waco",2021,2021-03-12,1829
"141524","Jeremy Koling","Waco",2021,2021-03-12,1890
"141562","Eagle McMahon","Waco",2021,2021-03-12,1958
"141565","Richard Wysocki","Waco",2021,2021-03-12,1973
"141596","Kevin Jones","Waco",2021,2021-03-12,1900
"141654","Calvin Heimburg","Waco",2021,2021-03-12,1964
"141675","Drew Gibson","Waco",2021,2021-03-12,1891
"141712","Chris Clemons","Waco",2021,2021-03-12,1887
"141743","Eric Oakley","Waco",2021,2021-03-12,1880
"141791","Adam Hammes","Waco",2021,2021-03-12,1869
"141853","Chris Dickerson","Waco",2021,2021-03-12,1924
"141870","Andrew Presnell","Waco",2021,2021-03-12,1868
"142024","Gannon Buhr","Waco",2021,2021-03-12,1671
"142176","Kyle Klein","Waco",2021,2021-03-12,1825
"142191","Thomas Gilbert","Waco",2021,2021-03-12,1847
"142332","Alden Harris","Waco",2021,2021-03-12,1749
"142567","Ezra Aderhold","Waco",2021,2021-03-12,1818
"142808","Nikko Locastro","Texas",2021,2021-03-26,1913
"142815","Garrett Gurthie","Texas",2021,2021-03-26,1938
"142825","James Conrad","Texas",2021,2021-03-26,1915
"142829","Matthew Orum","Texas",2021,2021-03-26,1860
"142892","Paul McBeth","Texas",2021,2021-03-26,2000
"142928","Bradley Williams","Texas",2021,2021-03-26,1833
"142947","Jeremy Koling","Texas",2021,2021-03-26,1895
"142985","Eagle McMahon","Texas",2021,2021-03-26,1957
"142988","Richard Wysocki","Texas",2021,2021-03-26,1991
"143019","Kevin Jones","Texas",2021,2021-03-26,1916
"143077","Calvin Heimburg","Texas",2021,2021-03-26,1960
"143135","Chris Clemons","Texas",2021,2021-03-26,1879
"143166","Eric Oakley","Texas",2021,2021-03-26,1869
"143214","Adam Hammes","Texas",2021,2021-03-26,1876
"143276","Chris Dickerson","Texas",2021,2021-03-26,1928
"143365","Joel Freeman","Texas",2021,2021-03-26,1907
"143599","Kyle Klein","Texas",2021,2021-03-26,1831
"143614","Thomas Gilbert","Texas",2021,2021-03-26,1839
"143755","Alden Harris","Texas",2021,2021-03-26,1767
"143990","Ezra Aderhold","Texas",2021,2021-03-26,1813
"144231","Nikko Locastro","Jonesboro",2021,2021-04-16,1932
"144238","Garrett Gurthie","Jonesboro",2021,2021-04-16,1940
"144248","James Conrad","Jonesboro",2021,2021-04-16,1918
"144315","Paul McBeth","Jonesboro",2021,2021-04-16,1999
"144351","Bradley Williams","Jonesboro",2021,2021-04-16,1840
"144370","Jeremy Koling","Jonesboro",2021,2021-04-16,1892
"144408","Eagle McMahon","Jonesboro",2021,2021-04-16,1969
"144411","Richard Wysocki","Jonesboro",2021,2021-04-16,2005
"144442","Kevin Jones","Jonesboro",2021,2021-04-16,1933
"144500","Calvin Heimburg","Jonesboro",2021,2021-04-16,1978
"144521","Drew Gibson","Jonesboro",2021,2021-04-16,1901
"144558","Chris Clemons","Jonesboro",2021,2021-04-16,1897
"144589","Eric Oakley","Jonesboro",2021,2021-04-16,1885
"144637","Adam Hammes","Jonesboro",2021,2021-04-16,1895
"144699","Chris Dickerson","Jonesboro",2021,2021-04-16,1938
"144716","Andrew Presnell","Jonesboro",2021,2021-04-16,1876
"144788","Joel Freeman","Jonesboro",2021,2021-04-16,1917
"144870","Gannon Buhr","Jonesboro",2021,2021-04-16,1716
"145022","Kyle Klein","Jonesboro",2021,2021-04-16,1842
"145037","Thomas Gilbert","Jonesboro",2021,2021-04-16,1862
"145178","Alden Harris","Jonesboro",2021,2021-04-16,1783
"145413","Ezra Aderhold","Jonesboro",2021,2021-04-16,1833
"145654","Nikko Locastro","DDO",2021,2021-04-28,1916
"145661","Garrett Gurthie","DDO",2021,2021-04-28,1941
"145671","James Conrad","DDO",2021,2021-04-28,1931
"145738","Paul McBeth","DDO",2021,2021-04-28,2021
"145831","Eagle McMahon","DDO",2021,2021-04-28,1980
"145834","Richard Wysocki","DDO",2021,2021-04-28,2013
"145865","Kevin Jones","DDO",2021,2021-04-28,1934
"145923","Calvin Heimburg","DDO",2021,2021-04-28,1986
"145944","Drew Gibson","DDO",2021,2021-04-28,1916
"145981","Chris Clemons","DDO",2021,2021-04-28,1898
"146012","Eric Oakley","DDO",2021,2021-04-28,1887
"146060","Adam Hammes","DDO",2021,2021-04-28,1909
"146122","Chris Dickerson","DDO",2021,2021-04-28,1954
"146139","Andrew Presnell","DDO",2021,2021-04-28,1894
"146211","Joel Freeman","DDO",2021,2021-04-28,1921
"146293","Gannon Buhr","DDO",2021,2021-04-28,1754
"146460","Thomas Gilbert","DDO",2021,2021-04-28,1868
"146601","Alden Harris","DDO",2021,2021-04-28,1809
"148481","Simon Lizotte","OTB",2021,2021-05-14,1898
"148500","Nikko Locastro","OTB",2021,2021-05-14,1939
"148507","Garrett Gurthie","OTB",2021,2021-05-14,1942
"148517","James Conrad","OTB",2021,2021-05-14,1942
"148584","Paul McBeth","OTB",2021,2021-05-14,2021
"148639","Jeremy Koling","OTB",2021,2021-05-14,1892
"148677","Eagle McMahon","OTB",2021,2021-05-14,1990
"148680","Richard Wysocki","OTB",2021,2021-05-14,2018
"148711","Kevin Jones","OTB",2021,2021-05-14,1938
"148769","Calvin Heimburg","OTB",2021,2021-05-14,1997
"148790","Drew Gibson","OTB",2021,2021-05-14,1919
"148827","Chris Clemons","OTB",2021,2021-05-14,1905
"148858","Eric Oakley","OTB",2021,2021-05-14,1878
"148906","Adam Hammes","OTB",2021,2021-05-14,1917
"149057","Joel Freeman","OTB",2021,2021-05-14,1928
"149291","Kyle Klein","OTB",2021,2021-05-14,1853
"149306","Thomas Gilbert","OTB",2021,2021-05-14,1867
"149447","Alden Harris","OTB",2021,2021-05-14,1822
"149682","Ezra Aderhold","OTB",2021,2021-05-14,1842
"151353","Garrett Gurthie","Masters Cup",2021,2021-05-28,1924
"151363","James Conrad","Masters Cup",2021,2021-05-28,1937
"151430","Paul McBeth","Masters Cup",2021,2021-05-28,2028
"151485","Jeremy Koling","Masters Cup",2021,2021-05-28,1900
"151526","Richard Wysocki","Masters Cup",2021,2021-05-28,2003
"151557","Kevin Jones","Masters Cup",2021,2021-05-28,1945
"151615","Calvin Heimburg","Masters Cup",2021,2021-05-28,1966
"151636","Drew Gibson","Masters Cup",2021,2021-05-28,1929
"151673","Chris Clemons","Masters Cup",2021,2021-05-28,1909
"151704","Eric Oakley","Masters Cup",2021,2021-05-28,1903
"151752","Adam Hammes","Masters Cup",2021,2021-05-28,1934
"152137","Kyle Klein","Masters Cup",2021,2021-05-28,1871
"152152","Thomas Gilbert","Masters Cup",2021,2021-05-28,1886
"152293","Alden Harris","Masters Cup",2021,2021-05-28,1830
"152528","Ezra Aderhold","Masters Cup",2021,2021-05-28,1862
"154173","Simon Lizotte","Portland",2021,2021-06-04,1914
"154192","Nikko Locastro","Portland",2021,2021-06-04,1949
"154199","Garrett Gurthie","Portland",2021,2021-06-04,1940
"154209","James Conrad","Portland",2021,2021-06-04,1942
"154276","Paul McBeth","Portland",2021,2021-06-04,2036
"154331","Jeremy Koling","Portland",2021,2021-06-04,1909
"154369","Eagle McMahon","Portland",2021,2021-06-04,2003
"154372","Richard Wysocki","Portland",2021,2021-06-04,2027
"154403","Kevin Jones","Portland",2021,2021-06-04,1966
"154461","Calvin Heimburg","Portland",2021,2021-06-04,2006
"154519","Chris Clemons","Portland",2021,2021-06-04,1915
"154550","Eric Oakley","Portland",2021,2021-06-04,1906
"154598","Adam Hammes","Portland",2021,2021-06-04,1938
"154677","Andrew Presnell","Portland",2021,2021-06-04,1903
"154749","Joel Freeman","Portland",2021,2021-06-04,1929
"154983","Kyle Klein","Portland",2021,2021-06-04,1884
"154998","Thomas Gilbert","Portland",2021,2021-06-04,1896
"155139","Alden Harris","Portland",2021,2021-06-04,1846
"155374","Ezra Aderhold","Portland",2021,2021-06-04,1874
"158442","Simon Lizotte","World",2021,2021-06-22,1924
"158461","Nikko Locastro","World",2021,2021-06-22,1953
"158468","Garrett Gurthie","World",2021,2021-06-22,1952
"158478","James Conrad","World",2021,2021-06-22,1961
"158482","Matthew Orum","World",2021,2021-06-22,1877
"158545","Paul McBeth","World",2021,2021-06-22,2040
"158581","Bradley Williams","World",2021,2021-06-22,1850
"158600","Jeremy Koling","World",2021,2021-06-22,1915
"158638","Eagle McMahon","World",2021,2021-06-22,2010
"158641","Richard Wysocki","World",2021,2021-06-22,2034
"158672","Kevin Jones","World",2021,2021-06-22,1978
"158708","Corey Ellis","World",2021,2021-06-22,1793
"158730","Calvin Heimburg","World",2021,2021-06-22,2014
"158751","Drew Gibson","World",2021,2021-06-22,1936
"158788","Chris Clemons","World",2021,2021-06-22,1923
"158819","Eric Oakley","World",2021,2021-06-22,1912
"158867","Adam Hammes","World",2021,2021-06-22,1946
"158929","Chris Dickerson","World",2021,2021-06-22,1962
"158946","Andrew Presnell","World",2021,2021-06-22,1908
"159018","Joel Freeman","World",2021,2021-06-22,1940
"159100","Gannon Buhr","World",2021,2021-06-22,1779
"159252","Kyle Klein","World",2021,2021-06-22,1902
"159267","Thomas Gilbert","World",2021,2021-06-22,1915
"159408","Alden Harris","World",2021,2021-06-22,1857
"159643","Ezra Aderhold","World",2021,2021-06-22,1893
"162730","Nikko Locastro","DesMoines",2021,2021-07-09,1953
"162737","Garrett Gurthie","DesMoines",2021,2021-07-09,1953
"162747","James Conrad","DesMoines",2021,2021-07-09,1966
"162814","Paul McBeth","DesMoines",2021,2021-07-09,2048
"162850","Bradley Williams","DesMoines",2021,2021-07-09,1863
"162941","Kevin Jones","DesMoines",2021,2021-07-09,1982
"162999","Calvin Heimburg","DesMoines",2021,2021-07-09,2021
"163057","Chris Clemons","DesMoines",2021,2021-07-09,1931
"163088","Eric Oakley","DesMoines",2021,2021-07-09,1913
"163136","Adam Hammes","DesMoines",2021,2021-07-09,1954
"163215","Andrew Presnell","DesMoines",2021,2021-07-09,1908
"163369","Gannon Buhr","DesMoines",2021,2021-07-09,1802
"163536","Thomas Gilbert","DesMoines",2021,2021-07-09,1920
"163912","Ezra Aderhold","DesMoines",2021,2021-07-09,1903
"166980","Simon Lizotte","DGLO",2021,2021-07-23,1936
"166999","Nikko Locastro","DGLO",2021,2021-07-23,1954
"167006","Garrett Gurthie","DGLO",2021,2021-07-23,1958
"167016","James Conrad","DGLO",2021,2021-07-23,1978
"167083","Paul McBeth","DGLO",2021,2021-07-23,2050
"167119","Bradley Williams","DGLO",2021,2021-07-23,1862
"167138","Jeremy Koling","DGLO",2021,2021-07-23,1910
"167176","Eagle McMahon","DGLO",2021,2021-07-23,2023
"167179","Richard Wysocki","DGLO",2021,2021-07-23,2034
"167210","Kevin Jones","DGLO",2021,2021-07-23,1988
"167246","Corey Ellis","DGLO",2021,2021-07-23,1832
"167268","Calvin Heimburg","DGLO",2021,2021-07-23,2017
"167289","Drew Gibson","DGLO",2021,2021-07-23,1936
"167326","Chris Clemons","DGLO",2021,2021-07-23,1931
"167357","Eric Oakley","DGLO",2021,2021-07-23,1922
"167405","Adam Hammes","DGLO",2021,2021-07-23,1967
"167467","Chris Dickerson","DGLO",2021,2021-07-23,1969
"167484","Andrew Presnell","DGLO",2021,2021-07-23,1905
"167556","Joel Freeman","DGLO",2021,2021-07-23,1948
"167638","Gannon Buhr","DGLO",2021,2021-07-23,1825
"167790","Kyle Klein","DGLO",2021,2021-07-23,1924
"167805","Thomas Gilbert","DGLO",2021,2021-07-23,1925
"168181","Ezra Aderhold","DGLO",2021,2021-07-23,1915
"168403","Simon Lizotte","Preserve",2021,2021-07-30,1941
"168422","Nikko Locastro","Preserve",2021,2021-07-30,1961
"168429","Garrett Gurthie","Preserve",2021,2021-07-30,1966
"168439","James Conrad","Preserve",2021,2021-07-30,1986
"168443","Matthew Orum","Preserve",2021,2021-07-30,1898
"168506","Paul McBeth","Preserve",2021,2021-07-30,2058
"168542","Bradley Williams","Preserve",2021,2021-07-30,1871
"168561","Jeremy Koling","Preserve",2021,2021-07-30,1924
"168599","Eagle McMahon","Preserve",2021,2021-07-30,2033
"168602","Richard Wysocki","Preserve",2021,2021-07-30,2048
"168633","Kevin Jones","Preserve",2021,2021-07-30,1995
"168691","Calvin Heimburg","Preserve",2021,2021-07-30,2026
"168712","Drew Gibson","Preserve",2021,2021-07-30,1937
"168749","Chris Clemons","Preserve",2021,2021-07-30,1938
"168780","Eric Oakley","Preserve",2021,2021-07-30,1922
"168828","Adam Hammes","Preserve",2021,2021-07-30,1967
"168907","Andrew Presnell","Preserve",2021,2021-07-30,1918
"168979","Joel Freeman","Preserve",2021,2021-07-30,1943
"169061","Gannon Buhr","Preserve",2021,2021-07-30,1856
"169213","Kyle Klein","Preserve",2021,2021-07-30,1930
"169228","Thomas Gilbert","Preserve",2021,2021-07-30,1915
"169369","Alden Harris","Preserve",2021,2021-07-30,1858
"169604","Ezra Aderhold","Preserve",2021,2021-07-30,1926
"172691","Nikko Locastro","Ledgestone",2021,2021-08-05,1970
"172698","Garrett Gurthie","Ledgestone",2021,2021-08-05,1966
"172708","James Conrad","Ledgestone",2021,2021-08-05,1983
"172712","Matthew Orum","Ledgestone",2021,2021-08-05,1911
"172775","Paul McBeth","Ledgestone",2021,2021-08-05,2053
"172811","Bradley Williams","Ledgestone",2021,2021-08-05,1886
"172830","Jeremy Koling","Ledgestone",2021,2021-08-05,1929
"172868","Eagle McMahon","Ledgestone",2021,2021-08-05,2040
"172871","Richard Wysocki","Ledgestone",2021,2021-08-05,2054
"172902","Kevin Jones","Ledgestone",2021,2021-08-05,1999
"172938","Corey Ellis","Ledgestone",2021,2021-08-05,1834
"172960","Calvin Heimburg","Ledgestone",2021,2021-08-05,2033
"172981","Drew Gibson","Ledgestone",2021,2021-08-05,1951
"173018","Chris Clemons","Ledgestone",2021,2021-08-05,1946
"173049","Eric Oakley","Ledgestone",2021,2021-08-05,1927
"173097","Adam Hammes","Ledgestone",2021,2021-08-05,1966
"173159","Chris Dickerson","Ledgestone",2021,2021-08-05,1978
"173176","Andrew Presnell","Ledgestone",2021,2021-08-05,1920
"173248","Joel Freeman","Ledgestone",2021,2021-08-05,1953
"173330","Gannon Buhr","Ledgestone",2021,2021-08-05,1861
"173482","Kyle Klein","Ledgestone",2021,2021-08-05,1943
"173497","Thomas Gilbert","Ledgestone",2021,2021-08-05,1921
"173638","Alden Harris","Ledgestone",2021,2021-08-05,1872
"173873","Ezra Aderhold","Ledgestone",2021,2021-08-05,1928
"174095","Simon Lizotte","European Championship",2021,2021-08-11,1928
"175537","Nikko Locastro","Idlewild",2021,2021-08-13,1973
"175544","Garrett Gurthie","Idlewild",2021,2021-08-13,1973
"175554","James Conrad","Idlewild",2021,2021-08-13,1991
"175558","Matthew Orum","Idlewild",2021,2021-08-13,1922
"175621","Paul McBeth","Idlewild",2021,2021-08-13,2059
"175657","Bradley Williams","Idlewild",2021,2021-08-13,1899
"175676","Jeremy Koling","Idlewild",2021,2021-08-13,1936
"175714","Eagle McMahon","Idlewild",2021,2021-08-13,2043
"175717","Richard Wysocki","Idlewild",2021,2021-08-13,2059
"175748","Kevin Jones","Idlewild",2021,2021-08-13,2009
"175784","Corey Ellis","Idlewild",2021,2021-08-13,1864
"175806","Calvin Heimburg","Idlewild",2021,2021-08-13,2041
"175827","Drew Gibson","Idlewild",2021,2021-08-13,1965
"175864","Chris Clemons","Idlewild",2021,2021-08-13,1955
"175895","Eric Oakley","Idlewild",2021,2021-08-13,1925
"175943","Adam Hammes","Idlewild",2021,2021-08-13,1975
"176005","Chris Dickerson","Idlewild",2021,2021-08-13,1984
"176022","Andrew Presnell","Idlewild",2021,2021-08-13,1929
"176094","Joel Freeman","Idlewild",2021,2021-08-13,1970
"176176","Gannon Buhr","Idlewild",2021,2021-08-13,1876
"176328","Kyle Klein","Idlewild",2021,2021-08-13,1959
"176343","Thomas Gilbert","Idlewild",2021,2021-08-13,1928
"176484","Alden Harris","Idlewild",2021,2021-08-13,1888
"176719","Ezra Aderhold","Idlewild",2021,2021-08-13,1935
"179806","Nikko Locastro","DDGC",2021,2021-08-27,1981
"179813","Garrett Gurthie","DDGC",2021,2021-08-27,1981
"179823","James Conrad","DDGC",2021,2021-08-27,1990
"179827","Matthew Orum","DDGC",2021,2021-08-27,1936
"179926","Bradley Williams","DDGC",2021,2021-08-27,1913
"179986","Richard Wysocki","DDGC",2021,2021-08-27,2065
"180053","Corey Ellis","DDGC",2021,2021-08-27,1887
"180075","Calvin Heimburg","DDGC",2021,2021-08-27,2048
"180164","Eric Oakley","DDGC",2021,2021-08-27,1922
"180212","Adam Hammes","DDGC",2021,2021-08-27,1982
"180274","Chris Dickerson","DDGC",2021,2021-08-27,1987
"180363","Joel Freeman","DDGC",2021,2021-08-27,1978
"180753","Alden Harris","DDGC",2021,2021-08-27,1902
"182652","Nikko Locastro","MVP",2021,2021-09-03,1984
"182659","Garrett Gurthie","MVP",2021,2021-09-03,1980
"182669","James Conrad","MVP",2021,2021-09-03,1995
"182673","Matthew Orum","MVP",2021,2021-09-03,1950
"182736","Paul McBeth","MVP",2021,2021-09-03,2067
"182772","Bradley Williams","MVP",2021,2021-09-03,1920
"182791","Jeremy Koling","MVP",2021,2021-09-03,1945
"182829","Eagle McMahon","MVP",2021,2021-09-03,2046
"182832","Richard Wysocki","MVP",2021,2021-09-03,2071
"182863","Kevin Jones","MVP",2021,2021-09-03,2003
"182899","Corey Ellis","MVP",2021,2021-09-03,1903
"182921","Calvin Heimburg","MVP",2021,2021-09-03,2052
"182942","Drew Gibson","MVP",2021,2021-09-03,1965
"182979","Chris Clemons","MVP",2021,2021-09-03,1959
"183010","Eric Oakley","MVP",2021,2021-09-03,1938
"183058","Adam Hammes","MVP",2021,2021-09-03,1997
"183120","Chris Dickerson","MVP",2021,2021-09-03,1991
"183137","Andrew Presnell","MVP",2021,2021-09-03,1933
"183209","Joel Freeman","MVP",2021,2021-09-03,1984
"183443","Kyle Klein","MVP",2021,2021-09-03,1953
"183458","Thomas Gilbert","MVP",2021,2021-09-03,1939
"183599","Alden Harris","MVP",2021,2021-09-03,1914
"183834","Ezra Aderhold","MVP",2021,2021-09-03,1942
"185479","Simon Lizotte","GMC",2021,2021-09-09,1956
"185498","Nikko Locastro","GMC",2021,2021-09-09,1989
"185505","Garrett Gurthie","GMC",2021,2021-09-09,1988
"185515","James Conrad","GMC",2021,2021-09-09,1999
"185519","Matthew Orum","GMC",2021,2021-09-09,1966
"185582","Paul McBeth","GMC",2021,2021-09-09,2083
"185618","Bradley Williams","GMC",2021,2021-09-09,1935
"185637","Jeremy Koling","GMC",2021,2021-09-09,1956
"185675","Eagle McMahon","GMC",2021,2021-09-09,2061
"185678","Richard Wysocki","GMC",2021,2021-09-09,2086
"185709","Kevin Jones","GMC",2021,2021-09-09,2006
"185745","Corey Ellis","GMC",2021,2021-09-09,1926
"185767","Calvin Heimburg","GMC",2021,2021-09-09,2054
"185788","Drew Gibson","GMC",2021,2021-09-09,1968
"185825","Chris Clemons","GMC",2021,2021-09-09,1972
"185856","Eric Oakley","GMC",2021,2021-09-09,1938
"185904","Adam Hammes","GMC",2021,2021-09-09,1998
"185966","Chris Dickerson","GMC",2021,2021-09-09,2016
"185983","Andrew Presnell","GMC",2021,2021-09-09,1956
"186055","Joel Freeman","GMC",2021,2021-09-09,1991
"186137","Gannon Buhr","GMC",2021,2021-09-09,1911
"186289","Kyle Klein","GMC",2021,2021-09-09,1975
"186304","Thomas Gilbert","GMC",2021,2021-09-09,1952
"186445","Alden Harris","GMC",2021,2021-09-09,1928
"186680","Ezra Aderhold","GMC",2021,2021-09-09,1942
"189767","Nikko Locastro","MCO",2021,2021-09-23,1997
"189774","Garrett Gurthie","MCO",2021,2021-09-23,2002
"189784","James Conrad","MCO",2021,2021-09-23,2009
"189788","Matthew Orum","MCO",2021,2021-09-23,1970
"189851","Paul McBeth","MCO",2021,2021-09-23,2083
"189887","Bradley Williams","MCO",2021,2021-09-23,1954
"189947","Richard Wysocki","MCO",2021,2021-09-23,2091
"189978","Kevin Jones","MCO",2021,2021-09-23,2023
"190014","Corey Ellis","MCO",2021,2021-09-23,1934
"190125","Eric Oakley","MCO",2021,2021-09-23,1954
"190173","Adam Hammes","MCO",2021,2021-09-23,2014
"190235","Chris Dickerson","MCO",2021,2021-09-23,2027
"190324","Joel Freeman","MCO",2021,2021-09-23,1991
"190714","Alden Harris","MCO",2021,2021-09-23,1943
"190949","Ezra Aderhold","MCO",2021,2021-09-23,1940
"195440","Simon Lizotte","USDGC",2021,2021-10-06,1963
"195459","Nikko Locastro","USDGC",2021,2021-10-06,2012
"195466","Garrett Gurthie","USDGC",2021,2021-10-06,1998
"195476","James Conrad","USDGC",2021,2021-10-06,2021
"195480","Matthew Orum","USDGC",2021,2021-10-06,1985
"195543","Paul McBeth","USDGC",2021,2021-10-06,2091
"195579","Bradley Williams","USDGC",2021,2021-10-06,1974
"195598","Jeremy Koling","USDGC",2021,2021-10-06,1963
"195636","Eagle McMahon","USDGC",2021,2021-10-06,2066
"195639","Richard Wysocki","USDGC",2021,2021-10-06,2100
"195670","Kevin Jones","USDGC",2021,2021-10-06,2007
"195706","Corey Ellis","USDGC",2021,2021-10-06,1953
"195728","Calvin Heimburg","USDGC",2021,2021-10-06,2054
"195749","Drew Gibson","USDGC",2021,2021-10-06,1988
"195786","Chris Clemons","USDGC",2021,2021-10-06,1981
"195817","Eric Oakley","USDGC",2021,2021-10-06,1966
"195865","Adam Hammes","USDGC",2021,2021-10-06,2019
"195927","Chris Dickerson","USDGC",2021,2021-10-06,2037
"195944","Andrew Presnell","USDGC",2021,2021-10-06,1967
"196016","Joel Freeman","USDGC",2021,2021-10-06,2007
"196098","Gannon Buhr","USDGC",2021,2021-10-06,1933
"196250","Kyle Klein","USDGC",2021,2021-10-06,1994
"196265","Thomas Gilbert","USDGC",2021,2021-10-06,1956
"196406","Alden Harris","USDGC",2021,2021-10-06,1952
"196641","Ezra Aderhold","USDGC",2021,2021-10-06,1962
"196861","Nikko Locastro","LVC",2022,2022-02-24,1966
"196864","Garrett Gurthie","LVC",2022,2022-02-24,1946
"196868","James Conrad","LVC",2022,2022-02-24,1970
"196917","Bradley Williams","LVC",2022,2022-02-24,1911
"196928","Jeremy Koling","LVC",2022,2022-02-24,1919
"196953","Eagle McMahon","LVC",2022,2022-02-24,1944
"196954","Richard Wysocki","LVC",2022,2022-02-24,2031
"196971","Kevin Jones","LVC",2022,2022-02-24,1971
"196992","Corey Ellis","LVC",2022,2022-02-24,1886
"197007","Calvin Heimburg","LVC",2022,2022-02-24,2011
"197018","Drew Gibson","LVC",2022,2022-02-24,1957
"197030","Chris Clemons","LVC",2022,2022-02-24,1918
"197070","Adam Hammes","LVC",2022,2022-02-24,1980
"197109","Chris Dickerson","LVC",2022,2022-02-24,1986
"197117","Andrew Presnell","LVC",2022,2022-02-24,1919
"197200","Gannon Buhr","LVC",2022,2022-02-24,1915
"197289","Kyle Klein","LVC",2022,2022-02-24,1935
"197294","Thomas Gilbert","LVC",2022,2022-02-24,1927
"197365","Alden Harris","LVC",2022,2022-02-24,1890
"197503","Ezra Aderhold","LVC",2022,2022-02-24,1923
"198518","Simon Lizotte","Waco",2022,2022-03-11,1907
"198525","Nikko Locastro","Waco",2022,2022-03-11,1971
"198528","Garrett Gurthie","Waco",2022,2022-03-11,1947
"198532","James Conrad","Waco",2022,2022-03-11,1973
"198561","Paul McBeth","Waco",2022,2022-03-11,2039
"198581","Bradley Williams","Waco",2022,2022-03-11,1934
"198592","Jeremy Koling","Waco",2022,2022-03-11,1919
"198618","Richard Wysocki","Waco",2022,2022-03-11,2040
"198635","Kevin Jones","Waco",2022,2022-03-11,1975
"198656","Corey Ellis","Waco",2022,2022-03-11,1891
"198671","Calvin Heimburg","Waco",2022,2022-03-11,2009
"198694","Chris Clemons","Waco",2022,2022-03-11,1938
"198734","Adam Hammes","Waco",2022,2022-03-11,1958
"198773","Chris Dickerson","Waco",2022,2022-03-11,1984
"198781","Andrew Presnell","Waco",2022,2022-03-11,1920
"198821","Joel Freeman","Waco",2022,2022-03-11,1965
"198864","Gannon Buhr","Waco",2022,2022-03-11,1920
"198953","Kyle Klein","Waco",2022,2022-03-11,1943
"198958","Thomas Gilbert","Waco",2022,2022-03-11,1938
"199029","Alden Harris","Waco",2022,2022-03-11,1897
"199167","Ezra Aderhold","Waco",2022,2022-03-11,1913
"199357","Nikko Locastro","Texas",2022,2022-03-25,1975
"199360","Garrett Gurthie","Texas",2022,2022-03-25,1944
"199364","James Conrad","Texas",2022,2022-03-25,1984
"199367","Matthew Orum","Texas",2022,2022-03-25,1944
"199393","Paul McBeth","Texas",2022,2022-03-25,2040
"199413","Bradley Williams","Texas",2022,2022-03-25,1931
"199424","Jeremy Koling","Texas",2022,2022-03-25,1932
"199450","Richard Wysocki","Texas",2022,2022-03-25,2057
"199467","Kevin Jones","Texas",2022,2022-03-25,1979
"199488","Corey Ellis","Texas",2022,2022-03-25,1902
"199503","Calvin Heimburg","Texas",2022,2022-03-25,2025
"199526","Chris Clemons","Texas",2022,2022-03-25,1941
"199566","Adam Hammes","Texas",2022,2022-03-25,1978
"199605","Chris Dickerson","Texas",2022,2022-03-25,1997
"199653","Joel Freeman","Texas",2022,2022-03-25,1978
"199696","Gannon Buhr","Texas",2022,2022-03-25,1935
"199785","Kyle Klein","Texas",2022,2022-03-25,1947
"199861","Alden Harris","Texas",2022,2022-03-25,1907
"199999","Ezra Aderhold","Texas",2022,2022-03-25,1931
"200182","Simon Lizotte","Champion",2022,2022-04-14,1936
"200189","Nikko Locastro","Champion",2022,2022-04-14,1981
"200196","James Conrad","Champion",2022,2022-04-14,1995
"200199","Matthew Orum","Champion",2022,2022-04-14,1968
"200225","Paul McBeth","Champion",2022,2022-04-14,2057
"200245","Bradley Williams","Champion",2022,2022-04-14,1946
"200256","Jeremy Koling","Champion",2022,2022-04-14,1944
"200281","Eagle McMahon","Champion",2022,2022-04-14,2023
"200282","Richard Wysocki","Champion",2022,2022-04-14,2066
"200299","Kevin Jones","Champion",2022,2022-04-14,1986
"200320","Corey Ellis","Champion",2022,2022-04-14,1938
"200335","Calvin Heimburg","Champion",2022,2022-04-14,2038
"200346","Drew Gibson","Champion",2022,2022-04-14,1976
"200358","Chris Clemons","Champion",2022,2022-04-14,1954
"200377","Eric Oakley","Champion",2022,2022-04-14,1939
"200398","Adam Hammes","Champion",2022,2022-04-14,1982
"200437","Chris Dickerson","Champion",2022,2022-04-14,2022
"200445","Andrew Presnell","Champion",2022,2022-04-14,1941
"200485","Joel Freeman","Champion",2022,2022-04-14,1988
"200528","Gannon Buhr","Champion",2022,2022-04-14,1961
"200617","Kyle Klein","Champion",2022,2022-04-14,1963
"200622","Thomas Gilbert","Champion",2022,2022-04-14,1946
"200693","Alden Harris","Champion",2022,2022-04-14,1921
"200831","Ezra Aderhold","Champion",2022,2022-04-14,1949
"201014","Simon Lizotte","Jonesbor",2022,2022-04-22,1952
"201021","Nikko Locastro","Jonesbor",2022,2022-04-22,1987
"201024","Garrett Gurthie","Jonesbor",2022,2022-04-22,1958
"201028","James Conrad","Jonesbor",2022,2022-04-22,1999
"201031","Matthew Orum","Jonesbor",2022,2022-04-22,1977
"201057","Paul McBeth","Jonesbor",2022,2022-04-22,2064
"201077","Bradley Williams","Jonesbor",2022,2022-04-22,1951
"201088","Jeremy Koling","Jonesbor",2022,2022-04-22,1939
"201114","Richard Wysocki","Jonesbor",2022,2022-04-22,2075
"201131","Kevin Jones","Jonesbor",2022,2022-04-22,2003
"201152","Corey Ellis","Jonesbor",2022,2022-04-22,1948
"201167","Calvin Heimburg","Jonesbor",2022,2022-04-22,2050
"201178","Drew Gibson","Jonesbor",2022,2022-04-22,1973
"201190","Chris Clemons","Jonesbor",2022,2022-04-22,1951
"201209","Eric Oakley","Jonesbor",2022,2022-04-22,1940
"201230","Adam Hammes","Jonesbor",2022,2022-04-22,1986
"201269","Chris Dickerson","Jonesbor",2022,2022-04-22,2029
"201277","Andrew Presnell","Jonesbor",2022,2022-04-22,1932
"201317","Joel Freeman","Jonesbor",2022,2022-04-22,1994
"201360","Gannon Buhr","Jonesbor",2022,2022-04-22,1975
"201449","Kyle Klein","Jonesbor",2022,2022-04-22,1969
"201454","Thomas Gilbert","Jonesbor",2022,2022-04-22,1959
"201525","Alden Harris","Jonesbor",2022,2022-04-22,1937
"201663","Ezra Aderhold","Jonesbor",2022,2022-04-22,1963
"202678","Simon Lizotte","DD",2022,2022-04-28,1977
"202688","Garrett Gurthie","DD",2022,2022-04-28,1937
"202692","James Conrad","DD",2022,2022-04-28,2013
"202721","Paul McBeth","DD",2022,2022-04-28,2036
"202741","Bradley Williams","DD",2022,2022-04-28,1963
"202752","Jeremy Koling","DD",2022,2022-04-28,1966
"202778","Richard Wysocki","DD",2022,2022-04-28,2088
"202795","Kevin Jones","DD",2022,2022-04-28,2012
"202816","Corey Ellis","DD",2022,2022-04-28,1937
"202831","Calvin Heimburg","DD",2022,2022-04-28,2059
"202842","Drew Gibson","DD",2022,2022-04-28,1982
"202854","Chris Clemons","DD",2022,2022-04-28,1968
"202873","Eric Oakley","DD",2022,2022-04-28,1934
"202933","Chris Dickerson","DD",2022,2022-04-28,2042
"202941","Andrew Presnell","DD",2022,2022-04-28,1945
"202981","Joel Freeman","DD",2022,2022-04-28,1997
"203024","Gannon Buhr","DD",2022,2022-04-28,1987
"203113","Kyle Klein","DD",2022,2022-04-28,1988
"203118","Thomas Gilbert","DD",2022,2022-04-28,1977
"203189","Alden Harris","DD",2022,2022-04-28,1943
"203327","Ezra Aderhold","DD",2022,2022-04-28,1973
"204342","Simon Lizotte","OT",2022,2022-05-20,1994
"204349","Nikko Locastro","OT",2022,2022-05-20,1994
"204352","Garrett Gurthie","OT",2022,2022-05-20,1971
"204356","James Conrad","OT",2022,2022-05-20,2019
"204359","Matthew Orum","OT",2022,2022-05-20,1986
"204385","Paul McBeth","OT",2022,2022-05-20,2069
"204405","Bradley Williams","OT",2022,2022-05-20,1968
"204416","Jeremy Koling","OT",2022,2022-05-20,1970
"204442","Richard Wysocki","OT",2022,2022-05-20,2094
"204459","Kevin Jones","OT",2022,2022-05-20,2008
"204480","Corey Ellis","OT",2022,2022-05-20,1960
"204495","Calvin Heimburg","OT",2022,2022-05-20,2068
"204506","Drew Gibson","OT",2022,2022-05-20,1994
"204518","Chris Clemons","OT",2022,2022-05-20,1976
"204537","Eric Oakley","OT",2022,2022-05-20,1948
"204558","Adam Hammes","OT",2022,2022-05-20,1994
"204645","Joel Freeman","OT",2022,2022-05-20,2006
"204688","Gannon Buhr","OT",2022,2022-05-20,1996
"204777","Kyle Klein","OT",2022,2022-05-20,1995
"204782","Thomas Gilbert","OT",2022,2022-05-20,1972
"204853","Alden Harris","OT",2022,2022-05-20,1954
"204991","Ezra Aderhold","OT",2022,2022-05-20,1983
"206006","Simon Lizotte","Portlan",2022,2022-06-02,2019
"206016","Garrett Gurthie","Portlan",2022,2022-06-02,2000
"206020","James Conrad","Portlan",2022,2022-06-02,2024
"206049","Paul McBeth","Portlan",2022,2022-06-02,2074
"206080","Jeremy Koling","Portlan",2022,2022-06-02,1970
"206123","Kevin Jones","Portlan",2022,2022-06-02,2023
"206144","Corey Ellis","Portlan",2022,2022-06-02,1975
"206159","Calvin Heimburg","Portlan",2022,2022-06-02,2073
"206170","Drew Gibson","Portlan",2022,2022-06-02,1996
"206182","Chris Clemons","Portlan",2022,2022-06-02,1994
"206201","Eric Oakley","Portlan",2022,2022-06-02,1947
"206222","Adam Hammes","Portlan",2022,2022-06-02,2013
"206269","Andrew Presnell","Portlan",2022,2022-06-02,1966
"206309","Joel Freeman","Portlan",2022,2022-06-02,2014
"206352","Gannon Buhr","Portlan",2022,2022-06-02,2017
"206441","Kyle Klein","Portlan",2022,2022-06-02,2003
"206446","Thomas Gilbert","Portlan",2022,2022-06-02,1984
"206517","Alden Harris","Portlan",2022,2022-06-02,1941
"206655","Ezra Aderhold","Portlan",2022,2022-06-02,2003
"208110","Thomas Gilbert","Jarv",2022,2022-06-17,1984
"208942","Thomas Gilbert","Noki",2022,2022-06-23,1982
"209334","Simon Lizotte","Preserv",2022,2022-06-24,2030
"209341","Nikko Locastro","Preserv",2022,2022-06-24,1998
"209344","Garrett Gurthie","Preserv",2022,2022-06-24,2000
"209348","James Conrad","Preserv",2022,2022-06-24,2032
"209377","Paul McBeth","Preserv",2022,2022-06-24,2078
"209397","Bradley Williams","Preserv",2022,2022-06-24,1987
"209408","Jeremy Koling","Preserv",2022,2022-06-24,1975
"209434","Richard Wysocki","Preserv",2022,2022-06-24,2100
"209451","Kevin Jones","Preserv",2022,2022-06-24,2028
"209472","Corey Ellis","Preserv",2022,2022-06-24,1979
"209487","Calvin Heimburg","Preserv",2022,2022-06-24,2075
"209510","Chris Clemons","Preserv",2022,2022-06-24,1995
"209529","Eric Oakley","Preserv",2022,2022-06-24,1945
"209550","Adam Hammes","Preserv",2022,2022-06-24,2022
"209597","Andrew Presnell","Preserv",2022,2022-06-24,1967
"209680","Gannon Buhr","Preserv",2022,2022-06-24,2024
"209769","Kyle Klein","Preserv",2022,2022-06-24,2016
"209845","Alden Harris","Preserv",2022,2022-06-24,1963
"209983","Ezra Aderhold","Preserv",2022,2022-06-24,2010
"210166","Simon Lizotte","Idlewild",2022,2022-07-08,2033
"210173","Nikko Locastro","Idlewild",2022,2022-07-08,2001
"210176","Garrett Gurthie","Idlewild",2022,2022-07-08,2014
"210180","James Conrad","Idlewild",2022,2022-07-08,2037
"210183","Matthew Orum","Idlewild",2022,2022-07-08,2000
"210209","Paul McBeth","Idlewild",2022,2022-07-08,2086
"210229","Bradley Williams","Idlewild",2022,2022-07-08,1999
"210240","Jeremy Koling","Idlewild",2022,2022-07-08,1990
"210266","Richard Wysocki","Idlewild",2022,2022-07-08,2101
"210304","Corey Ellis","Idlewild",2022,2022-07-08,1990
"210330","Drew Gibson","Idlewild",2022,2022-07-08,1996
"210342","Chris Clemons","Idlewild",2022,2022-07-08,2011
"210361","Eric Oakley","Idlewild",2022,2022-07-08,1963
"210382","Adam Hammes","Idlewild",2022,2022-07-08,2031
"210421","Chris Dickerson","Idlewild",2022,2022-07-08,2059
"210429","Andrew Presnell","Idlewild",2022,2022-07-08,1982
"210469","Joel Freeman","Idlewild",2022,2022-07-08,2017
"210512","Gannon Buhr","Idlewild",2022,2022-07-08,2032
"210601","Kyle Klein","Idlewild",2022,2022-07-08,2030
"210677","Alden Harris","Idlewild",2022,2022-07-08,1980
"210815","Ezra Aderhold","Idlewild",2022,2022-07-08,2009
"211012","James Conrad","PCSSula",2022,2022-07-13,2039
"211115","Kevin Jones","PCSSula",2022,2022-07-13,2019
"211151","Calvin Heimburg","PCSSula",2022,2022-07-13,2072
"211193","Eric Oakley","PCSSula",2022,2022-07-13,1925
"211438","Thomas Gilbert","PCSSula",2022,2022-07-13,1979
"211830","Simon Lizotte","Euro",2022,2022-07-21,2038
"211844","James Conrad","Euro",2022,2022-07-21,2045
"211873","Paul McBeth","Euro",2022,2022-07-21,2096
"211904","Jeremy Koling","Euro",2022,2022-07-21,1992
"211929","Eagle McMahon","Euro",2022,2022-07-21,2041
"211930","Richard Wysocki","Euro",2022,2022-07-21,2105
"211947","Kevin Jones","Euro",2022,2022-07-21,2030
"211983","Calvin Heimburg","Euro",2022,2022-07-21,2079
"212025","Eric Oakley","Euro",2022,2022-07-21,1975
"212046","Adam Hammes","Euro",2022,2022-07-21,2028
"212270","Thomas Gilbert","Euro",2022,2022-07-21,1975
"212479","Ezra Aderhold","Euro",2022,2022-07-21,2012
