"","Name","Event","Year","Date","Elo","dElo"
"37099","Paul McBeth","Aussie",2017,2017-01-26,1795.3,1.3
"37202","Eagle McMahon","Aussie",2017,2017-01-26,1678.3,14.4
"37206","Richard Wysocki","Aussie",2017,2017-01-26,1780,7.1
"37635","Simon Lizotte","LVC",2017,2017-02-23,1700.4,6.8
"37658","Nikko Locastro","LVC",2017,2017-02-23,1727.2,3
"37683","James Conrad","LVC",2017,2017-02-23,1606.4,18.6
"37691","Nate Sexton","LVC",2017,2017-02-23,1718.5,7.8
"37751","Paul McBeth","LVC",2017,2017-02-23,1803.1,7.8
"37854","Eagle McMahon","LVC",2017,2017-02-23,1690.9,12.6
"37858","Richard Wysocki","LVC",2017,2017-02-23,1787.2,7.3
"37957","Drew Gibson","LVC",2017,2017-02-23,1685.2,0.1
"38203","Joel Freeman","LVC",2017,2017-02-23,1567.2,19.2
"38287","Simon Lizotte","Memorial",2017,2017-03-01,1713.5,13.1
"38310","Nikko Locastro","Memorial",2017,2017-03-01,1731.5,4.3
"38335","James Conrad","Memorial",2017,2017-03-01,1620,13.6
"38340","Matthew Orum","Memorial",2017,2017-03-01,1678.4,8
"38343","Nate Sexton","Memorial",2017,2017-03-01,1726.6,8
"38403","Paul McBeth","Memorial",2017,2017-03-01,1810,6.9
"38506","Eagle McMahon","Memorial",2017,2017-03-01,1703.1,12.2
"38510","Richard Wysocki","Memorial",2017,2017-03-01,1793.5,6.2
"38609","Drew Gibson","Memorial",2017,2017-03-01,1697.6,12.4
"38855","Joel Freeman","Memorial",2017,2017-03-01,1581.5,14.3
"38939","Simon Lizotte","Jonesboro",2017,2017-04-13,1724.6,11.1
"38962","Nikko Locastro","Jonesboro",2017,2017-04-13,1740.2,8.7
"38987","James Conrad","Jonesboro",2017,2017-04-13,1638.1,18.1
"39162","Richard Wysocki","Jonesboro",2017,2017-04-13,1799.1,5.6
"39261","Drew Gibson","Jonesboro",2017,2017-04-13,1704.6,7.1
"39439","Chris Dickerson","Jonesboro",2017,2017-04-13,1640.2,18.5
"39451","Andrew Presnell","Jonesboro",2017,2017-04-13,1555,17.2
"39591","Simon Lizotte","DDO",2017,2017-04-27,1730.3,5.7
"39614","Nikko Locastro","DDO",2017,2017-04-27,1742.3,2.1
"39639","James Conrad","DDO",2017,2017-04-27,1646.3,8.2
"39644","Matthew Orum","DDO",2017,2017-04-27,1683.7,5.3
"39647","Nate Sexton","DDO",2017,2017-04-27,1732.8,6.2
"39707","Paul McBeth","DDO",2017,2017-04-27,1814.5,4.5
"39810","Eagle McMahon","DDO",2017,2017-04-27,1706.2,3.1
"39814","Richard Wysocki","DDO",2017,2017-04-27,1802.5,3.4
"39891","Calvin Heimburg","DDO",2017,2017-04-27,1581.2,9.4
"39913","Drew Gibson","DDO",2017,2017-04-27,1706.8,2.1
"39933","Chris Clemons","DDO",2017,2017-04-27,1586,15.2
"40103","Andrew Presnell","DDO",2017,2017-04-27,1567,12.1
"40159","Joel Freeman","DDO",2017,2017-04-27,1588.3,6.8
"40266","Nikko Locastro","Masters Cup",2017,2017-05-19,1739.9,-2.5
"40299","Nate Sexton","Masters Cup",2017,2017-05-19,1732.6,-0.2
"40359","Paul McBeth","Masters Cup",2017,2017-05-19,1820.7,6.2
"40466","Richard Wysocki","Masters Cup",2017,2017-05-19,1803.3,0.8
"40565","Drew Gibson","Masters Cup",2017,2017-05-19,1701.3,-5.5
"41011","Paul McBeth","Beaver",2017,2017-06-09,1825.3,4.6
"41114","Eagle McMahon","Beaver",2017,2017-06-09,1716.6,10.4
"41118","Richard Wysocki","Beaver",2017,2017-06-09,1806.5,3.2
"41195","Calvin Heimburg","Beaver",2017,2017-06-09,1593.1,11.9
"41547","Simon Lizotte","World",2017,2017-06-21,1740,9.7
"41570","Nikko Locastro","World",2017,2017-06-21,1739.9,0
"41595","James Conrad","World",2017,2017-06-21,1658.2,11.9
"41600","Matthew Orum","World",2017,2017-06-21,1693,9.3
"41663","Paul McBeth","World",2017,2017-06-21,1830,4.7
"41766","Eagle McMahon","World",2017,2017-06-21,1721.8,5.2
"41770","Richard Wysocki","World",2017,2017-06-21,1815.1,8.5
"41847","Calvin Heimburg","World",2017,2017-06-21,1615.3,22.2
"41869","Drew Gibson","World",2017,2017-06-21,1705.8,4.5
"41889","Chris Clemons","World",2017,2017-06-21,1608.1,22.1
"42047","Chris Dickerson","World",2017,2017-06-21,1657.8,17.6
"42199","Simon Lizotte","European Open",2017,2017-07-20,1746.3,6.3
"42255","Nate Sexton","European Open",2017,2017-07-20,1737.1,4.4
"42315","Paul McBeth","European Open",2017,2017-07-20,1834.2,4.2
"42418","Eagle McMahon","European Open",2017,2017-07-20,1725.5,3.7
"42422","Richard Wysocki","European Open",2017,2017-07-20,1811.2,-3.9
"42851","Simon Lizotte","Pittsburgh Flying Disc Open Presented by Discraft",2017,2017-08-25,1755.9,9.6
"42874","Nikko Locastro","Pittsburgh Flying Disc Open Presented by Discraft",2017,2017-08-25,1735.5,-4.4
"42899","James Conrad","Pittsburgh Flying Disc Open Presented by Discraft",2017,2017-08-25,1673.7,15.5
"42907","Nate Sexton","Pittsburgh Flying Disc Open Presented by Discraft",2017,2017-08-25,1740.3,3.2
"42967","Paul McBeth","Pittsburgh Flying Disc Open Presented by Discraft",2017,2017-08-25,1841.1,6.9
"43070","Eagle McMahon","Pittsburgh Flying Disc Open Presented by Discraft",2017,2017-08-25,1730.7,5.2
"43074","Richard Wysocki","Pittsburgh Flying Disc Open Presented by Discraft",2017,2017-08-25,1815.9,4.7
"43136","Corey Ellis","Pittsburgh Flying Disc Open Presented by Discraft",2017,2017-08-25,1509.5,10.6
"43173","Drew Gibson","Pittsburgh Flying Disc Open Presented by Discraft",2017,2017-08-25,1708.4,2.5
"43351","Chris Dickerson","Pittsburgh Flying Disc Open Presented by Discraft",2017,2017-08-25,1672,14.2
"43363","Andrew Presnell","Pittsburgh Flying Disc Open Presented by Discraft",2017,2017-08-25,1585.1,18.1
"43503","Simon Lizotte","USDGC",2017,2017-10-04,1761,5.1
"43526","Nikko Locastro","USDGC",2017,2017-10-04,1725.7,-9.8
"43551","James Conrad","USDGC",2017,2017-10-04,1674.4,0.7
"43559","Nate Sexton","USDGC",2017,2017-10-04,1755.4,15.1
"43619","Paul McBeth","USDGC",2017,2017-10-04,1847,5.9
"43722","Eagle McMahon","USDGC",2017,2017-10-04,1736.2,5.4
"43726","Richard Wysocki","USDGC",2017,2017-10-04,1824.1,8.2
"43764","Kevin Jones","USDGC",2017,2017-10-04,1569.9,38
"43825","Drew Gibson","USDGC",2017,2017-10-04,1712.1,3.7
"43845","Chris Clemons","USDGC",2017,2017-10-04,1629.2,21.1
"43939","Adam Hammes","USDGC",2017,2017-10-04,1572.1,27.1
"44003","Chris Dickerson","USDGC",2017,2017-10-04,1687.8,15.8
"44015","Andrew Presnell","USDGC",2017,2017-10-04,1591.3,6.1
"44155","Simon Lizotte","HOFC",2017,2017-10-13,1764.6,3.6
"44178","Nikko Locastro","HOFC",2017,2017-10-13,1724.5,-1.2
"44203","James Conrad","HOFC",2017,2017-10-13,1684.5,10.1
"44211","Nate Sexton","HOFC",2017,2017-10-13,1753.8,-1.6
"44271","Paul McBeth","HOFC",2017,2017-10-13,1841,-6
"44378","Richard Wysocki","HOFC",2017,2017-10-13,1827.2,3
"44477","Drew Gibson","HOFC",2017,2017-10-13,1707.5,-4.6
"44655","Chris Dickerson","HOFC",2017,2017-10-13,1694.9,7
"44824","Simon Lizotte","LVC",2018,2018-02-22,1744.2,6
"44868","Nikko Locastro","LVC",2018,2018-02-22,1711.8,9.7
"44910","James Conrad","LVC",2018,2018-02-22,1670.6,4.6
"44921","Nate Sexton","LVC",2018,2018-02-22,1732.6,4.1
"45019","Paul McBeth","LVC",2018,2018-02-22,1801.3,-5.6
"45198","Eagle McMahon","LVC",2018,2018-02-22,1724.5,11.9
"45201","Richard Wysocki","LVC",2018,2018-02-22,1797.8,3.4
"45259","Kevin Jones","LVC",2018,2018-02-22,1583.8,20.9
"45385","Drew Gibson","LVC",2018,2018-02-22,1696.6,9.8
"45423","Chris Clemons","LVC",2018,2018-02-22,1630.1,13.8
"45692","Andrew Presnell","LVC",2018,2018-02-22,1595.9,13.8
"45817","Joel Freeman","LVC",2018,2018-02-22,1602.3,22.8
"46329","Simon Lizotte","Memorial",2018,2018-02-28,1756.3,12.2
"46373","Nikko Locastro","Memorial",2018,2018-02-28,1720.2,8.4
"46391","Garrett Gurthie","Memorial",2018,2018-02-28,1548.7,28.4
"46415","James Conrad","Memorial",2018,2018-02-28,1683.1,12.5
"46426","Nate Sexton","Memorial",2018,2018-02-28,1743,10.4
"46524","Paul McBeth","Memorial",2018,2018-02-28,1804.8,3.5
"46703","Eagle McMahon","Memorial",2018,2018-02-28,1737.1,12.6
"46706","Richard Wysocki","Memorial",2018,2018-02-28,1801.8,4
"46764","Kevin Jones","Memorial",2018,2018-02-28,1601.1,17.3
"46890","Drew Gibson","Memorial",2018,2018-02-28,1706.9,10.3
"46928","Chris Clemons","Memorial",2018,2018-02-28,1640.2,10.2
"47197","Andrew Presnell","Memorial",2018,2018-02-28,1606.4,10.5
"47322","Joel Freeman","Memorial",2018,2018-02-28,1610.9,8.6
"47834","Simon Lizotte","Waco",2018,2018-03-15,1756.3,18.2
"47878","Nikko Locastro","Waco",2018,2018-03-15,1725.3,5.1
"47896","Garrett Gurthie","Waco",2018,2018-03-15,1576.4,27.7
"47920","James Conrad","Waco",2018,2018-03-15,1692.5,9.4
"47931","Nate Sexton","Waco",2018,2018-03-15,1750.9,7.9
"48029","Paul McBeth","Waco",2018,2018-03-15,1810,5.2
"48211","Richard Wysocki","Waco",2018,2018-03-15,1805.6,3.8
"48269","Kevin Jones","Waco",2018,2018-03-15,1615.3,14.2
"48395","Drew Gibson","Waco",2018,2018-03-15,1715.8,8.9
"48433","Chris Clemons","Waco",2018,2018-03-15,1651.8,11.6
"48702","Andrew Presnell","Waco",2018,2018-03-15,1621.5,15.1
"48827","Joel Freeman","Waco",2018,2018-03-15,1621.3,10.4
"50906","Garrett Gurthie","Jonesboro",2018,2018-04-06,1601.5,25.1
"50930","James Conrad","Jonesboro",2018,2018-04-06,1703.2,10.7
"50941","Nate Sexton","Jonesboro",2018,2018-04-06,1754.4,3.5
"51039","Paul McBeth","Jonesboro",2018,2018-04-06,1810.9,0.9
"51110","Bradley Williams","Jonesboro",2018,2018-04-06,1680,6.5
"51218","Eagle McMahon","Jonesboro",2018,2018-04-06,1744.8,7.7
"51221","Richard Wysocki","Jonesboro",2018,2018-04-06,1812.7,7.1
"51279","Kevin Jones","Jonesboro",2018,2018-04-06,1628.8,13.5
"51405","Drew Gibson","Jonesboro",2018,2018-04-06,1721.2,5.4
"51443","Chris Clemons","Jonesboro",2018,2018-04-06,1654.9,3.1
"51680","Chris Dickerson","Jonesboro",2018,2018-04-06,1684.6,9.3
"51712","Andrew Presnell","Jonesboro",2018,2018-04-06,1631,9.5
"51837","Joel Freeman","Jonesboro",2018,2018-04-06,1635.7,14.3
"55359","Simon Lizotte","DDO",2018,2018-04-26,1764.8,8.4
"55403","Nikko Locastro","DDO",2018,2018-04-26,1726.1,0.8
"55421","Garrett Gurthie","DDO",2018,2018-04-26,1611.6,10
"55445","James Conrad","DDO",2018,2018-04-26,1706.8,3.6
"55456","Nate Sexton","DDO",2018,2018-04-26,1759.5,5.1
"55554","Paul McBeth","DDO",2018,2018-04-26,1813.3,2.4
"55733","Eagle McMahon","DDO",2018,2018-04-26,1753.6,8.9
"55736","Richard Wysocki","DDO",2018,2018-04-26,1818.2,5.5
"55794","Kevin Jones","DDO",2018,2018-04-26,1643.1,14.3
"55920","Drew Gibson","DDO",2018,2018-04-26,1731,9.7
"55958","Chris Clemons","DDO",2018,2018-04-26,1660.5,5.6
"56195","Chris Dickerson","DDO",2018,2018-04-26,1687.5,2.8
"56227","Andrew Presnell","DDO",2018,2018-04-26,1641.3,10.3
"56352","Joel Freeman","DDO",2018,2018-04-26,1640.8,5.2
"58369","Simon Lizotte","Masters Cup",2018,2018-05-18,1760,-4.8
"58431","Garrett Gurthie","Masters Cup",2018,2018-05-18,1618.6,7.1
"58455","James Conrad","Masters Cup",2018,2018-05-18,1701.5,-5.3
"58466","Nate Sexton","Masters Cup",2018,2018-05-18,1762.7,3.2
"58564","Paul McBeth","Masters Cup",2018,2018-05-18,1810.8,-2.5
"58635","Bradley Williams","Masters Cup",2018,2018-05-18,1687.3,7.3
"58743","Eagle McMahon","Masters Cup",2018,2018-05-18,1753.2,-0.4
"58746","Richard Wysocki","Masters Cup",2018,2018-05-18,1820.4,2.2
"58804","Kevin Jones","Masters Cup",2018,2018-05-18,1651.2,8.1
"58930","Drew Gibson","Masters Cup",2018,2018-05-18,1733.5,2.5
"59874","Simon Lizotte","San Francisco",2018,2018-05-25,1765.4,5.4
"59936","Garrett Gurthie","San Francisco",2018,2018-05-25,1633.6,15
"59960","James Conrad","San Francisco",2018,2018-05-25,1705.8,4.3
"59971","Nate Sexton","San Francisco",2018,2018-05-25,1766.9,4.1
"60069","Paul McBeth","San Francisco",2018,2018-05-25,1816.4,5.6
"60140","Bradley Williams","San Francisco",2018,2018-05-25,1694.3,7
"60248","Eagle McMahon","San Francisco",2018,2018-05-25,1760.4,7.2
"60251","Richard Wysocki","San Francisco",2018,2018-05-25,1823.8,3.4
"60309","Kevin Jones","San Francisco",2018,2018-05-25,1659.1,8
"60435","Drew Gibson","San Francisco",2018,2018-05-25,1740.5,7.1
"62884","Simon Lizotte","Beaver",2018,2018-06-08,1769.2,3.8
"62946","Garrett Gurthie","Beaver",2018,2018-06-08,1653.2,19.5
"62970","James Conrad","Beaver",2018,2018-06-08,1711.7,5.9
"62981","Nate Sexton","Beaver",2018,2018-06-08,1764.3,-2.5
"63079","Paul McBeth","Beaver",2018,2018-06-08,1810.4,-6
"63150","Bradley Williams","Beaver",2018,2018-06-08,1703.7,9.4
"63258","Eagle McMahon","Beaver",2018,2018-06-08,1769.8,9.4
"63261","Richard Wysocki","Beaver",2018,2018-06-08,1823.3,-0.5
"63319","Kevin Jones","Beaver",2018,2018-06-08,1675.6,16.4
"63445","Drew Gibson","Beaver",2018,2018-06-08,1746.3,5.8
"63483","Chris Clemons","Beaver",2018,2018-06-08,1656.7,-3.8
"63877","Joel Freeman","Beaver",2018,2018-06-08,1640.3,-0.5
"65894","Simon Lizotte","Sula",2018,2018-06-22,1756.7,-12.5
"67461","Garrett Gurthie","Utah",2018,2018-06-22,1657.3,4.2
"67485","James Conrad","Utah",2018,2018-06-22,1716.7,5
"67594","Paul McBeth","Utah",2018,2018-06-22,1807.4,-3
"67665","Bradley Williams","Utah",2018,2018-06-22,1695.2,-8.5
"67773","Eagle McMahon","Utah",2018,2018-06-22,1774.4,4.6
"67776","Richard Wysocki","Utah",2018,2018-06-22,1827,3.8
"67834","Kevin Jones","Utah",2018,2018-06-22,1680.7,5.1
"67960","Drew Gibson","Utah",2018,2018-06-22,1746.3,0
"67998","Chris Clemons","Utah",2018,2018-06-22,1659.5,2.8
"68267","Andrew Presnell","Utah",2018,2018-06-22,1649.1,7.8
"68392","Joel Freeman","Utah",2018,2018-06-22,1651.2,10.9
"69281","Richard Wysocki","Skellefte√•",2018,2018-07-06,1831.8,4.8
"70453","Nikko Locastro","DGLO",2018,2018-07-06,1731.8,5.7
"70471","Garrett Gurthie","DGLO",2018,2018-07-06,1662.3,5
"70495","James Conrad","DGLO",2018,2018-07-06,1722.5,5.8
"70604","Paul McBeth","DGLO",2018,2018-07-06,1813.6,6.2
"70675","Bradley Williams","DGLO",2018,2018-07-06,1693.5,-1.7
"70844","Kevin Jones","DGLO",2018,2018-07-06,1686.3,5.6
"70904","Corey Ellis","DGLO",2018,2018-07-06,1528.6,20.1
"70970","Drew Gibson","DGLO",2018,2018-07-06,1742,-4.3
"71008","Chris Clemons","DGLO",2018,2018-07-06,1662.6,3.1
"71128","Adam Hammes","DGLO",2018,2018-07-06,1572.7,7.8
"71277","Andrew Presnell","DGLO",2018,2018-07-06,1655.3,6.2
"71515","Andrew Marwede","DGLO",2018,2018-07-06,1541.1,15
"71914","Simon Lizotte","Konopiste",2018,2018-07-12,1765.9,9.2
"72011","Nate Sexton","Konopiste",2018,2018-07-12,1764.7,0.3
"72109","Paul McBeth","Konopiste",2018,2018-07-12,1817.2,3.6
"72288","Eagle McMahon","Konopiste",2018,2018-07-12,1783.1,8.7
"72291","Richard Wysocki","Konopiste",2018,2018-07-12,1827.8,-4.1
"73419","Simon Lizotte","Ale",2018,2018-07-20,1765.6,-0.2
"73796","Richard Wysocki","Ale",2018,2018-07-20,1822.2,-5.6
"74968","Nikko Locastro","Idlewild",2018,2018-07-20,1732.8,1
"74986","Garrett Gurthie","Idlewild",2018,2018-07-20,1667.7,5.3
"75010","James Conrad","Idlewild",2018,2018-07-20,1730.5,8
"75119","Paul McBeth","Idlewild",2018,2018-07-20,1821.9,4.7
"75190","Bradley Williams","Idlewild",2018,2018-07-20,1694.5,1
"75359","Kevin Jones","Idlewild",2018,2018-07-20,1694.2,7.8
"75419","Corey Ellis","Idlewild",2018,2018-07-20,1551.9,23.3
"75444","Calvin Heimburg","Idlewild",2018,2018-07-20,1619,15.3
"75485","Drew Gibson","Idlewild",2018,2018-07-20,1744.1,2.1
"75523","Chris Clemons","Idlewild",2018,2018-07-20,1665.9,3.3
"75643","Adam Hammes","Idlewild",2018,2018-07-20,1586.1,13.4
"75760","Chris Dickerson","Idlewild",2018,2018-07-20,1695.5,8
"77978","Nikko Locastro","Ledgestone",2018,2018-08-09,1737.3,4.5
"77996","Garrett Gurthie","Ledgestone",2018,2018-08-09,1682.2,14.6
"78020","James Conrad","Ledgestone",2018,2018-08-09,1739,8.5
"78027","Matthew Orum","Ledgestone",2018,2018-08-09,1684.3,10.6
"78031","Nate Sexton","Ledgestone",2018,2018-08-09,1774.8,10.1
"78129","Paul McBeth","Ledgestone",2018,2018-08-09,1824.5,2.6
"78311","Richard Wysocki","Ledgestone",2018,2018-08-09,1826.2,4
"78369","Kevin Jones","Ledgestone",2018,2018-08-09,1706.6,12.4
"78429","Corey Ellis","Ledgestone",2018,2018-08-09,1575.5,23.6
"78454","Calvin Heimburg","Ledgestone",2018,2018-08-09,1639.6,20.6
"78495","Drew Gibson","Ledgestone",2018,2018-08-09,1749.4,5.3
"78533","Chris Clemons","Ledgestone",2018,2018-08-09,1674.5,8.6
"78653","Adam Hammes","Ledgestone",2018,2018-08-09,1591.2,5.1
"78770","Chris Dickerson","Ledgestone",2018,2018-08-09,1709.8,14.4
"78802","Andrew Presnell","Ledgestone",2018,2018-08-09,1666.1,10.8
"78927","Joel Freeman","Ledgestone",2018,2018-08-09,1662.4,11.2
"79040","Andrew Marwede","Ledgestone",2018,2018-08-09,1562.9,21.8
"79439","Simon Lizotte","European Disc Golf Championships",2018,2018-08-15,1773.9,8.3
"80944","Simon Lizotte","MVP",2018,2018-08-24,1778.1,4.2
"80988","Nikko Locastro","MVP",2018,2018-08-24,1741.5,4.1
"81006","Garrett Gurthie","MVP",2018,2018-08-24,1683.3,1.1
"81030","James Conrad","MVP",2018,2018-08-24,1747.4,8.4
"81037","Matthew Orum","MVP",2018,2018-08-24,1692,7.6
"81041","Nate Sexton","MVP",2018,2018-08-24,1777.4,2.6
"81139","Paul McBeth","MVP",2018,2018-08-24,1828.8,4.3
"81318","Eagle McMahon","MVP",2018,2018-08-24,1786,2.8
"81321","Richard Wysocki","MVP",2018,2018-08-24,1825.3,-0.9
"81379","Kevin Jones","MVP",2018,2018-08-24,1711.2,4.7
"81464","Calvin Heimburg","MVP",2018,2018-08-24,1654.1,14.5
"81505","Drew Gibson","MVP",2018,2018-08-24,1750.2,0.8
"81543","Chris Clemons","MVP",2018,2018-08-24,1682,7.5
"81780","Chris Dickerson","MVP",2018,2018-08-24,1715.2,5.4
"81812","Andrew Presnell","MVP",2018,2018-08-24,1669,2.9
"81937","Joel Freeman","MVP",2018,2018-08-24,1670.1,7.7
"83954","Simon Lizotte","World",2018,2018-09-05,1784.5,6.3
"83998","Nikko Locastro","World",2018,2018-09-05,1752.5,11
"84016","Garrett Gurthie","World",2018,2018-09-05,1695.6,12.3
"84040","James Conrad","World",2018,2018-09-05,1758.9,11.5
"84047","Matthew Orum","World",2018,2018-09-05,1708.1,16.1
"84051","Nate Sexton","World",2018,2018-09-05,1784.5,7.1
"84149","Paul McBeth","World",2018,2018-09-05,1835.1,6.3
"84220","Bradley Williams","World",2018,2018-09-05,1707.6,13.1
"84328","Eagle McMahon","World",2018,2018-09-05,1793.1,7.1
"84331","Richard Wysocki","World",2018,2018-09-05,1831.2,6
"84389","Kevin Jones","World",2018,2018-09-05,1722.8,11.6
"84474","Calvin Heimburg","World",2018,2018-09-05,1671.9,17.8
"84515","Drew Gibson","World",2018,2018-09-05,1757.2,7
"84553","Chris Clemons","World",2018,2018-09-05,1697,15
"84673","Adam Hammes","World",2018,2018-09-05,1611.9,20.6
"84790","Chris Dickerson","World",2018,2018-09-05,1727.3,12
"84822","Andrew Presnell","World",2018,2018-09-05,1686.4,17.4
"84947","Joel Freeman","World",2018,2018-09-05,1684.4,14.4
"85545","James Conrad","Delaware",2018,2018-09-14,1760.6,1.7
"85654","Paul McBeth","Delaware",2018,2018-09-14,1843.3,8.2
"85833","Eagle McMahon","Delaware",2018,2018-09-14,1799.4,6.3
"85836","Richard Wysocki","Delaware",2018,2018-09-14,1838.3,7
"85894","Kevin Jones","Delaware",2018,2018-09-14,1724.3,1.5
"85979","Calvin Heimburg","Delaware",2018,2018-09-14,1681.9,9.9
"86020","Drew Gibson","Delaware",2018,2018-09-14,1757,-0.2
"86452","Joel Freeman","Delaware",2018,2018-09-14,1691.5,7.1
"86964","Simon Lizotte","USDGC",2018,2018-10-03,1790.1,5.7
"87008","Nikko Locastro","USDGC",2018,2018-10-03,1763.4,10.9
"87026","Garrett Gurthie","USDGC",2018,2018-10-03,1714.9,19.3
"87050","James Conrad","USDGC",2018,2018-10-03,1774.7,14.1
"87057","Matthew Orum","USDGC",2018,2018-10-03,1722.7,14.6
"87061","Nate Sexton","USDGC",2018,2018-10-03,1796.5,12
"87159","Paul McBeth","USDGC",2018,2018-10-03,1852.5,9.2
"87338","Eagle McMahon","USDGC",2018,2018-10-03,1809.7,10.4
"87341","Richard Wysocki","USDGC",2018,2018-10-03,1846.7,8.4
"87399","Kevin Jones","USDGC",2018,2018-10-03,1741.4,17.1
"87484","Calvin Heimburg","USDGC",2018,2018-10-03,1697.6,15.7
"87525","Drew Gibson","USDGC",2018,2018-10-03,1766.4,9.4
"87563","Chris Clemons","USDGC",2018,2018-10-03,1711.2,14.1
"87683","Adam Hammes","USDGC",2018,2018-10-03,1634.4,22.6
"87800","Chris Dickerson","USDGC",2018,2018-10-03,1742.9,15.7
"87832","Andrew Presnell","USDGC",2018,2018-10-03,1700.6,14.2
"87957","Joel Freeman","USDGC",2018,2018-10-03,1709,17.5
"88469","Simon Lizotte","HOFC",2018,2018-10-12,1787.3,-2.8
"88531","Garrett Gurthie","HOFC",2018,2018-10-12,1722.5,7.6
"88555","James Conrad","HOFC",2018,2018-10-12,1782.2,7.5
"88566","Nate Sexton","HOFC",2018,2018-10-12,1796.1,-0.4
"88664","Paul McBeth","HOFC",2018,2018-10-12,1860.5,8
"88843","Eagle McMahon","HOFC",2018,2018-10-12,1817.4,7.7
"88846","Richard Wysocki","HOFC",2018,2018-10-12,1850.1,3.4
"88904","Kevin Jones","HOFC",2018,2018-10-12,1750.4,9
"88989","Calvin Heimburg","HOFC",2018,2018-10-12,1704.1,6.5
"89030","Drew Gibson","HOFC",2018,2018-10-12,1769.5,3.2
"89305","Chris Dickerson","HOFC",2018,2018-10-12,1754.3,11.3
"89462","Joel Freeman","HOFC",2018,2018-10-12,1709.7,0.7
"89896","Alden Harris","HOFC",2018,2018-10-12,1507.2,7.2
"89967","Simon Lizotte","LVC",2019,2019-02-21,1766.9,8.3
"89990","Nikko Locastro","LVC",2019,2019-02-21,1742.4,5.3
"89996","Garrett Gurthie","LVC",2019,2019-02-21,1705.4,5.1
"90009","James Conrad","LVC",2019,2019-02-21,1751.6,-2.4
"90021","Nate Sexton","LVC",2019,2019-02-21,1770.4,3.9
"90084","Paul McBeth","LVC",2019,2019-02-21,1820.8,-3.6
"90202","Eagle McMahon","LVC",2019,2019-02-21,1795.5,9.8
"90206","Richard Wysocki","LVC",2019,2019-02-21,1817.5,2.5
"90257","Kevin Jones","LVC",2019,2019-02-21,1737.1,11.8
"90301","Corey Ellis","LVC",2019,2019-02-21,1583.2,15.3
"90326","Calvin Heimburg","LVC",2019,2019-02-21,1698.1,14.5
"90348","Drew Gibson","LVC",2019,2019-02-21,1750.6,8
"90378","Chris Clemons","LVC",2019,2019-02-21,1698.2,8.1
"90481","Adam Hammes","LVC",2019,2019-02-21,1630.9,10
"90586","Andrew Presnell","LVC",2019,2019-02-21,1694.6,14.1
"90686","Joel Freeman","LVC",2019,2019-02-21,1696.9,8.1
"90787","Andrew Marwede","LVC",2019,2019-02-21,1575.8,19.2
"91220","Simon Lizotte","Memorial",2019,2019-02-28,1775.9,9.1
"91243","Nikko Locastro","Memorial",2019,2019-02-28,1736.6,-5.8
"91249","Garrett Gurthie","Memorial",2019,2019-02-28,1706.3,0.9
"91337","Paul McBeth","Memorial",2019,2019-02-28,1826,5.2
"91455","Eagle McMahon","Memorial",2019,2019-02-28,1804.7,9.2
"91459","Richard Wysocki","Memorial",2019,2019-02-28,1823.2,5.7
"91510","Kevin Jones","Memorial",2019,2019-02-28,1739.7,2.5
"91554","Corey Ellis","Memorial",2019,2019-02-28,1587.6,4.4
"91579","Calvin Heimburg","Memorial",2019,2019-02-28,1705.2,7.1
"91601","Drew Gibson","Memorial",2019,2019-02-28,1741.7,-8.9
"91631","Chris Clemons","Memorial",2019,2019-02-28,1706.5,8.3
"91734","Adam Hammes","Memorial",2019,2019-02-28,1648.2,17.2
"91839","Andrew Presnell","Memorial",2019,2019-02-28,1701.4,6.8
"91939","Joel Freeman","Memorial",2019,2019-02-28,1700.7,3.8
"92040","Andrew Marwede","Memorial",2019,2019-02-28,1589.4,13.6
"92473","Simon Lizotte","Waco",2019,2019-03-14,1779.8,3.9
"92502","Garrett Gurthie","Waco",2019,2019-03-14,1712.5,6.2
"92515","James Conrad","Waco",2019,2019-03-14,1757.6,6
"92524","Matthew Orum","Waco",2019,2019-03-14,1704.2,3.8
"92590","Paul McBeth","Waco",2019,2019-03-14,1832.3,6.2
"92708","Eagle McMahon","Waco",2019,2019-03-14,1808,3.3
"92712","Richard Wysocki","Waco",2019,2019-03-14,1828,4.8
"92763","Kevin Jones","Waco",2019,2019-03-14,1740.6,0.9
"92807","Corey Ellis","Waco",2019,2019-03-14,1587.8,0.2
"92832","Calvin Heimburg","Waco",2019,2019-03-14,1707.5,2.3
"92884","Chris Clemons","Waco",2019,2019-03-14,1708.2,1.7
"92987","Adam Hammes","Waco",2019,2019-03-14,1658.8,10.6
"93092","Andrew Presnell","Waco",2019,2019-03-14,1707.8,6.4
"93192","Joel Freeman","Waco",2019,2019-03-14,1702.3,1.6
"93293","Andrew Marwede","Waco",2019,2019-03-14,1600,10.6
"93726","Simon Lizotte","Jonesboro",2019,2019-04-12,1786.2,6.3
"93755","Garrett Gurthie","Jonesboro",2019,2019-04-12,1724.8,12.3
"93768","James Conrad","Jonesboro",2019,2019-04-12,1761.1,3.5
"93777","Matthew Orum","Jonesboro",2019,2019-04-12,1713,8.8
"93843","Paul McBeth","Jonesboro",2019,2019-04-12,1839.3,7.1
"93961","Eagle McMahon","Jonesboro",2019,2019-04-12,1813.8,5.7
"93965","Richard Wysocki","Jonesboro",2019,2019-04-12,1827.9,-0.1
"94016","Kevin Jones","Jonesboro",2019,2019-04-12,1747.2,6.6
"94085","Calvin Heimburg","Jonesboro",2019,2019-04-12,1712.6,5
"94137","Chris Clemons","Jonesboro",2019,2019-04-12,1711.4,3.2
"94240","Adam Hammes","Jonesboro",2019,2019-04-12,1668,9.2
"94320","Chris Dickerson","Jonesboro",2019,2019-04-12,1739.3,10.5
"94345","Andrew Presnell","Jonesboro",2019,2019-04-12,1715.5,7.8
"94445","Joel Freeman","Jonesboro",2019,2019-04-12,1707.3,5
"94546","Andrew Marwede","Jonesboro",2019,2019-04-12,1614.8,14.8
"96232","Simon Lizotte","DDO",2019,2019-04-24,1781.9,-4.3
"96261","Garrett Gurthie","DDO",2019,2019-04-24,1716.1,-8.7
"96274","James Conrad","DDO",2019,2019-04-24,1760.9,-0.1
"96286","Nate Sexton","DDO",2019,2019-04-24,1776.7,6.3
"96349","Paul McBeth","DDO",2019,2019-04-24,1844.6,5.3
"96467","Eagle McMahon","DDO",2019,2019-04-24,1818.4,4.6
"96471","Richard Wysocki","DDO",2019,2019-04-24,1833.2,5.3
"96522","Kevin Jones","DDO",2019,2019-04-24,1751.9,4.7
"96591","Calvin Heimburg","DDO",2019,2019-04-24,1722.9,10.4
"96613","Drew Gibson","DDO",2019,2019-04-24,1733.2,-8.5
"96643","Chris Clemons","DDO",2019,2019-04-24,1712.1,0.7
"96746","Adam Hammes","DDO",2019,2019-04-24,1681.2,13.2
"96826","Chris Dickerson","DDO",2019,2019-04-24,1746.7,7.4
"96851","Andrew Presnell","DDO",2019,2019-04-24,1717.8,2.3
"96951","Joel Freeman","DDO",2019,2019-04-24,1709.8,2.5
"97052","Andrew Marwede","DDO",2019,2019-04-24,1625.6,10.8
"97374","Alden Harris","DDO",2019,2019-04-24,1512.6,6.1
"98738","Simon Lizotte","San Francisco",2019,2019-05-10,1786,4.1
"98761","Nikko Locastro","San Francisco",2019,2019-05-10,1730.4,-6.2
"98767","Garrett Gurthie","San Francisco",2019,2019-05-10,1720.7,4.6
"98780","James Conrad","San Francisco",2019,2019-05-10,1765.2,4.2
"98789","Matthew Orum","San Francisco",2019,2019-05-10,1719.9,6.9
"98855","Paul McBeth","San Francisco",2019,2019-05-10,1848.5,3.9
"98973","Eagle McMahon","San Francisco",2019,2019-05-10,1823.1,4.7
"98977","Richard Wysocki","San Francisco",2019,2019-05-10,1840.1,6.8
"99028","Kevin Jones","San Francisco",2019,2019-05-10,1758,6.1
"99097","Calvin Heimburg","San Francisco",2019,2019-05-10,1730.7,7.7
"99119","Drew Gibson","San Francisco",2019,2019-05-10,1738.4,5.2
"99149","Chris Clemons","San Francisco",2019,2019-05-10,1714.2,2
"99252","Adam Hammes","San Francisco",2019,2019-05-10,1691.4,10.2
"99357","Andrew Presnell","San Francisco",2019,2019-05-10,1719.6,1.8
"99457","Joel Freeman","San Francisco",2019,2019-05-10,1713.2,3.4
"101244","Simon Lizotte","Masters Cup",2019,2019-05-18,1793.4,7.4
"101273","Garrett Gurthie","Masters Cup",2019,2019-05-18,1735.4,14.6
"101286","James Conrad","Masters Cup",2019,2019-05-18,1771.2,6.1
"101295","Matthew Orum","Masters Cup",2019,2019-05-18,1726.6,6.7
"101298","Nate Sexton","Masters Cup",2019,2019-05-18,1774.4,-2.4
"101361","Paul McBeth","Masters Cup",2019,2019-05-18,1850.2,1.8
"101479","Eagle McMahon","Masters Cup",2019,2019-05-18,1825,1.9
"101483","Richard Wysocki","Masters Cup",2019,2019-05-18,1843.8,3.7
"101534","Kevin Jones","Masters Cup",2019,2019-05-18,1762.5,4.5
"101603","Calvin Heimburg","Masters Cup",2019,2019-05-18,1740.4,9.8
"101625","Drew Gibson","Masters Cup",2019,2019-05-18,1743.4,5
"101655","Chris Clemons","Masters Cup",2019,2019-05-18,1719.3,5.2
"101758","Adam Hammes","Masters Cup",2019,2019-05-18,1695.9,4.5
"101863","Andrew Presnell","Masters Cup",2019,2019-05-18,1725.2,5.6
"101963","Joel Freeman","Masters Cup",2019,2019-05-18,1711.8,-1.4
"103750","Simon Lizotte","Portland",2019,2019-05-25,1798.6,5.2
"103779","Garrett Gurthie","Portland",2019,2019-05-25,1739.8,4.4
"103792","James Conrad","Portland",2019,2019-05-25,1777.3,6.1
"103801","Matthew Orum","Portland",2019,2019-05-25,1730,3.4
"103804","Nate Sexton","Portland",2019,2019-05-25,1780.2,5.9
"103985","Eagle McMahon","Portland",2019,2019-05-25,1828.4,3.4
"103989","Richard Wysocki","Portland",2019,2019-05-25,1845,1.3
"104040","Kevin Jones","Portland",2019,2019-05-25,1766,3.5
"104109","Calvin Heimburg","Portland",2019,2019-05-25,1743,2.6
"104131","Drew Gibson","Portland",2019,2019-05-25,1751.9,8.5
"104161","Chris Clemons","Portland",2019,2019-05-25,1721.7,2.4
"104264","Adam Hammes","Portland",2019,2019-05-25,1701.4,5.5
"104369","Andrew Presnell","Portland",2019,2019-05-25,1730.4,5.2
"104469","Joel Freeman","Portland",2019,2019-05-25,1716.7,4.9
"105003","Simon Lizotte","Beaver",2019,2019-06-07,1802.3,3.6
"105032","Garrett Gurthie","Beaver",2019,2019-06-07,1741.9,2.2
"105045","James Conrad","Beaver",2019,2019-06-07,1780.2,2.9
"105057","Nate Sexton","Beaver",2019,2019-06-07,1782,1.7
"105238","Eagle McMahon","Beaver",2019,2019-06-07,1836.6,8.2
"105242","Richard Wysocki","Beaver",2019,2019-06-07,1846.7,1.7
"105293","Kevin Jones","Beaver",2019,2019-06-07,1766.3,0.3
"105362","Calvin Heimburg","Beaver",2019,2019-06-07,1747.6,4.6
"105384","Drew Gibson","Beaver",2019,2019-06-07,1739.2,-12.7
"105414","Chris Clemons","Beaver",2019,2019-06-07,1725.3,3.6
"105517","Adam Hammes","Beaver",2019,2019-06-07,1682.6,-18.8
"105622","Andrew Presnell","Beaver",2019,2019-06-07,1731.2,0.8
"105722","Joel Freeman","Beaver",2019,2019-06-07,1726,9.3
"108762","Simon Lizotte","Ledgestone",2019,2019-06-21,1802.6,0.4
"108785","Nikko Locastro","Ledgestone",2019,2019-06-21,1728.9,-1.5
"108791","Garrett Gurthie","Ledgestone",2019,2019-06-21,1747.9,6
"108804","James Conrad","Ledgestone",2019,2019-06-21,1776.4,-3.9
"108813","Matthew Orum","Ledgestone",2019,2019-06-21,1732.9,2.9
"108879","Paul McBeth","Ledgestone",2019,2019-06-21,1855.9,5.7
"109001","Richard Wysocki","Ledgestone",2019,2019-06-21,1850.9,4.2
"109052","Kevin Jones","Ledgestone",2019,2019-06-21,1772.5,6.2
"109096","Corey Ellis","Ledgestone",2019,2019-06-21,1598,10.2
"109121","Calvin Heimburg","Ledgestone",2019,2019-06-21,1743.4,-4.2
"109143","Drew Gibson","Ledgestone",2019,2019-06-21,1742.8,3.5
"109173","Chris Clemons","Ledgestone",2019,2019-06-21,1726.8,1.5
"109276","Adam Hammes","Ledgestone",2019,2019-06-21,1687,4.4
"109356","Chris Dickerson","Ledgestone",2019,2019-06-21,1747.1,0.4
"109381","Andrew Presnell","Ledgestone",2019,2019-06-21,1729.1,-2.1
"109582","Andrew Marwede","Ledgestone",2019,2019-06-21,1638.2,12.6
"109904","Alden Harris","Ledgestone",2019,2019-06-21,1517,4.4
"111268","Simon Lizotte","Tyyni",2019,2019-06-27,1795.4,-7.2
"111503","Eagle McMahon","Tyyni",2019,2019-06-27,1840.9,4.3
"112544","Nikko Locastro","DGLO",2019,2019-07-05,1734.3,5.4
"112550","Garrett Gurthie","DGLO",2019,2019-07-05,1749.5,1.6
"112638","Paul McBeth","DGLO",2019,2019-07-05,1861.6,5.7
"112811","Kevin Jones","DGLO",2019,2019-07-05,1780.7,8.2
"112880","Calvin Heimburg","DGLO",2019,2019-07-05,1749.2,5.8
"112932","Chris Clemons","DGLO",2019,2019-07-05,1730,3.2
"113035","Adam Hammes","DGLO",2019,2019-07-05,1695.5,8.4
"113140","Andrew Presnell","DGLO",2019,2019-07-05,1731.8,2.7
"113240","Joel Freeman","DGLO",2019,2019-07-05,1724.8,-1.2
"113341","Andrew Marwede","DGLO",2019,2019-07-05,1644.2,6
"113816","James Conrad","Estonian Open",2019,2019-07-11,1777.1,0.7
"114009","Eagle McMahon","Estonian Open",2019,2019-07-11,1828.9,-12
"114013","Richard Wysocki","Estonian Open",2019,2019-07-11,1850,-1
"114064","Kevin Jones","Estonian Open",2019,2019-07-11,1783.9,3.3
"115027","Simon Lizotte","European Open",2019,2019-07-18,1794,-1.4
"115069","James Conrad","European Open",2019,2019-07-18,1779.1,2
"115081","Nate Sexton","European Open",2019,2019-07-18,1778.4,-3.6
"115144","Paul McBeth","European Open",2019,2019-07-18,1862.5,0.9
"115262","Eagle McMahon","European Open",2019,2019-07-18,1830.2,1.4
"115266","Richard Wysocki","European Open",2019,2019-07-18,1844.8,-5.2
"115317","Kevin Jones","European Open",2019,2019-07-18,1783.5,-0.4
"116309","Garrett Gurthie","Idlewild",2019,2019-07-26,1757.2,7.7
"116322","James Conrad","Idlewild",2019,2019-07-26,1786,6.9
"116331","Matthew Orum","Idlewild",2019,2019-07-26,1739.2,6.4
"116570","Kevin Jones","Idlewild",2019,2019-07-26,1791.4,7.9
"116614","Corey Ellis","Idlewild",2019,2019-07-26,1613.4,15.5
"116639","Calvin Heimburg","Idlewild",2019,2019-07-26,1756,6.8
"116691","Chris Clemons","Idlewild",2019,2019-07-26,1735.6,5.7
"116874","Chris Dickerson","Idlewild",2019,2019-07-26,1749.5,2.4
"116999","Joel Freeman","Idlewild",2019,2019-07-26,1732,7.2
"117100","Andrew Marwede","Idlewild",2019,2019-07-26,1654.8,10.6
"117533","Simon Lizotte","World",2019,2019-08-13,1802.8,8.8
"117556","Nikko Locastro","World",2019,2019-08-13,1745.8,11.5
"117562","Garrett Gurthie","World",2019,2019-08-13,1768.2,11.1
"117575","James Conrad","World",2019,2019-08-13,1796.3,10.3
"117584","Matthew Orum","World",2019,2019-08-13,1749.6,10.4
"117587","Nate Sexton","World",2019,2019-08-13,1787.7,9.3
"117650","Paul McBeth","World",2019,2019-08-13,1869.8,7.2
"117768","Eagle McMahon","World",2019,2019-08-13,1835,4.8
"117772","Richard Wysocki","World",2019,2019-08-13,1852,7.2
"117823","Kevin Jones","World",2019,2019-08-13,1800.5,9.1
"117867","Corey Ellis","World",2019,2019-08-13,1632.6,19.1
"117892","Calvin Heimburg","World",2019,2019-08-13,1766.4,10.4
"117914","Drew Gibson","World",2019,2019-08-13,1749.9,7.1
"117944","Chris Clemons","World",2019,2019-08-13,1747.1,11.5
"118047","Adam Hammes","World",2019,2019-08-13,1708.6,13.2
"118127","Chris Dickerson","World",2019,2019-08-13,1762.3,12.8
"118152","Andrew Presnell","World",2019,2019-08-13,1743.7,11.9
"118252","Joel Freeman","World",2019,2019-08-13,1742,10.1
"118310","Mason Ford","World",2019,2019-08-13,1543.4,43.4
"118353","Andrew Marwede","World",2019,2019-08-13,1671.6,16.8
"118786","Simon Lizotte","Delaware",2019,2019-08-23,1805.3,2.5
"118815","Garrett Gurthie","Delaware",2019,2019-08-23,1775.9,7.7
"118828","James Conrad","Delaware",2019,2019-08-23,1801.9,5.6
"119021","Eagle McMahon","Delaware",2019,2019-08-23,1836.9,1.9
"119025","Richard Wysocki","Delaware",2019,2019-08-23,1857.2,5.2
"119145","Calvin Heimburg","Delaware",2019,2019-08-23,1773.3,7
"119505","Joel Freeman","Delaware",2019,2019-08-23,1751.6,9.6
"119606","Andrew Marwede","Delaware",2019,2019-08-23,1686.8,15.2
"120039","Simon Lizotte","MVP",2019,2019-08-30,1811,5.8
"120062","Nikko Locastro","MVP",2019,2019-08-30,1750.2,4.4
"120068","Garrett Gurthie","MVP",2019,2019-08-30,1782.7,6.8
"120081","James Conrad","MVP",2019,2019-08-30,1806.4,4.5
"120090","Matthew Orum","MVP",2019,2019-08-30,1751.5,1.9
"120156","Paul McBeth","MVP",2019,2019-08-30,1874.1,4.3
"120278","Richard Wysocki","MVP",2019,2019-08-30,1857.3,0
"120329","Kevin Jones","MVP",2019,2019-08-30,1797.5,-3
"120398","Calvin Heimburg","MVP",2019,2019-08-30,1774.1,0.8
"120420","Drew Gibson","MVP",2019,2019-08-30,1750.3,0.4
"120450","Chris Clemons","MVP",2019,2019-08-30,1746.3,-0.8
"120553","Adam Hammes","MVP",2019,2019-08-30,1716.4,7.8
"120658","Andrew Presnell","MVP",2019,2019-08-30,1744.4,0.8
"120758","Joel Freeman","MVP",2019,2019-08-30,1759.7,8.1
"120859","Andrew Marwede","MVP",2019,2019-08-30,1694.3,7.5
"122545","Simon Lizotte","Green",2019,2019-09-12,1816.1,5.1
"122568","Nikko Locastro","Green",2019,2019-09-12,1760.1,9.9
"122574","Garrett Gurthie","Green",2019,2019-09-12,1786.1,3.3
"122587","James Conrad","Green",2019,2019-09-12,1806.4,-0.1
"122596","Matthew Orum","Green",2019,2019-09-12,1752.2,0.7
"122599","Nate Sexton","Green",2019,2019-09-12,1792.9,5.2
"122662","Paul McBeth","Green",2019,2019-09-12,1881.1,7
"122784","Richard Wysocki","Green",2019,2019-09-12,1852.9,-4.4
"122835","Kevin Jones","Green",2019,2019-09-12,1793.4,-4.1
"122904","Calvin Heimburg","Green",2019,2019-09-12,1777.4,3.3
"122926","Drew Gibson","Green",2019,2019-09-12,1750,-0.2
"122956","Chris Clemons","Green",2019,2019-09-12,1756.4,10.2
"123059","Adam Hammes","Green",2019,2019-09-12,1714.7,-1.7
"123139","Chris Dickerson","Green",2019,2019-09-12,1770.9,8.7
"123264","Joel Freeman","Green",2019,2019-09-12,1759.3,-0.5
"123365","Andrew Marwede","Green",2019,2019-09-12,1696.4,2.1
"123798","Simon Lizotte","USDGC",2019,2019-10-02,1802.7,-13.4
"123821","Nikko Locastro","USDGC",2019,2019-10-02,1771.3,11.2
"123827","Garrett Gurthie","USDGC",2019,2019-10-02,1789.1,3
"123840","James Conrad","USDGC",2019,2019-10-02,1813.8,7.4
"123852","Nate Sexton","USDGC",2019,2019-10-02,1796.5,3.6
"123915","Paul McBeth","USDGC",2019,2019-10-02,1856.2,-24.9
"124033","Eagle McMahon","USDGC",2019,2019-10-02,1839.1,2.2
"124088","Kevin Jones","USDGC",2019,2019-10-02,1790.7,-2.7
"124132","Corey Ellis","USDGC",2019,2019-10-02,1636.7,4.1
"124157","Calvin Heimburg","USDGC",2019,2019-10-02,1779.3,1.8
"124179","Drew Gibson","USDGC",2019,2019-10-02,1757.2,7.2
"124209","Chris Clemons","USDGC",2019,2019-10-02,1767.3,10.9
"124312","Adam Hammes","USDGC",2019,2019-10-02,1725.2,10.5
"124392","Chris Dickerson","USDGC",2019,2019-10-02,1780.6,9.7
"124417","Andrew Presnell","USDGC",2019,2019-10-02,1750.7,6.3
"124517","Joel Freeman","USDGC",2019,2019-10-02,1766.2,7
"124618","Andrew Marwede","USDGC",2019,2019-10-02,1707.3,10.9
"124784","Kyle Klein","USDGC",2019,2019-10-02,1556.9,37.7
"125051","Simon Lizotte","HOFC",2019,2019-10-11,1810.5,7.9
"125074","Nikko Locastro","HOFC",2019,2019-10-11,1775.4,4.1
"125080","Garrett Gurthie","HOFC",2019,2019-10-11,1796.3,7.3
"125093","James Conrad","HOFC",2019,2019-10-11,1816.1,2.3
"125105","Nate Sexton","HOFC",2019,2019-10-11,1794.1,-2.4
"125341","Kevin Jones","HOFC",2019,2019-10-11,1793.3,2.5
"125410","Calvin Heimburg","HOFC",2019,2019-10-11,1789.4,10.1
"125432","Drew Gibson","HOFC",2019,2019-10-11,1760.3,3.1
"125462","Chris Clemons","HOFC",2019,2019-10-11,1770.7,3.4
"125565","Adam Hammes","HOFC",2019,2019-10-11,1738.9,13.7
"125645","Chris Dickerson","HOFC",2019,2019-10-11,1790.3,9.7
"125670","Andrew Presnell","HOFC",2019,2019-10-11,1755,4.3
"125770","Joel Freeman","HOFC",2019,2019-10-11,1773.1,6.9
"125871","Andrew Marwede","HOFC",2019,2019-10-11,1713.3,6
"126193","Alden Harris","HOFC",2019,2019-10-11,1553.1,36.1
"126288","Simon Lizotte","Memorial",2020,2020-02-27,1785.1,5.6
"126298","Nikko Locastro","Memorial",2020,2020-02-27,1748.4,0.5
"126300","Garrett Gurthie","Memorial",2020,2020-02-27,1773.5,6.8
"126310","James Conrad","Memorial",2020,2020-02-27,1777.6,-6.9
"126317","Nate Sexton","Memorial",2020,2020-02-27,1763.6,-0.2
"126354","Paul McBeth","Memorial",2020,2020-02-27,1827.7,7.2
"126405","Eagle McMahon","Memorial",2020,2020-02-27,1813.6,8.5
"126408","Richard Wysocki","Memorial",2020,2020-02-27,1817.8,0.2
"126428","Kevin Jones","Memorial",2020,2020-02-27,1759.9,-4
"126463","Calvin Heimburg","Memorial",2020,2020-02-27,1773.5,13
"126475","Drew Gibson","Memorial",2020,2020-02-27,1744.2,9.9
"126502","Chris Clemons","Memorial",2020,2020-02-27,1744,0.4
"126574","Adam Hammes","Memorial",2020,2020-02-27,1720.1,5
"126736","Mason Ford","Memorial",2020,2020-02-27,1569.8,30.7
"126767","Andrew Marwede","Memorial",2020,2020-02-27,1685.7,-6.3
"127141","Simon Lizotte","Waco",2020,2020-03-12,1782.1,-3
"127151","Nikko Locastro","Waco",2020,2020-03-12,1751.6,3.1
"127153","Garrett Gurthie","Waco",2020,2020-03-12,1772.8,-0.7
"127163","James Conrad","Waco",2020,2020-03-12,1781.2,3.6
"127207","Paul McBeth","Waco",2020,2020-03-12,1830.8,3
"127229","Bradley Williams","Waco",2020,2020-03-12,1696.8,4.7
"127258","Eagle McMahon","Waco",2020,2020-03-12,1809.4,-4.2
"127261","Richard Wysocki","Waco",2020,2020-03-12,1811.4,-6.4
"127281","Kevin Jones","Waco",2020,2020-03-12,1761.9,2
"127316","Calvin Heimburg","Waco",2020,2020-03-12,1775.7,2.2
"127328","Drew Gibson","Waco",2020,2020-03-12,1745.6,1.5
"127355","Chris Clemons","Waco",2020,2020-03-12,1742.9,-1.1
"127427","Adam Hammes","Waco",2020,2020-03-12,1725.2,5.1
"127589","Mason Ford","Waco",2020,2020-03-12,1583.8,14
"127620","Andrew Marwede","Waco",2020,2020-03-12,1691.7,5.9
"127843","Alden Harris","Waco",2020,2020-03-12,1557.6,9.9
"127960","Ezra Aderhold","Waco",2020,2020-03-12,1542.7,17.1
"128847","Simon Lizotte","DDO",2020,2020-06-26,1780.5,-1.6
"128857","Nikko Locastro","DDO",2020,2020-06-26,1750.9,-0.7
"128869","James Conrad","DDO",2020,2020-06-26,1767,-14.2
"128913","Paul McBeth","DDO",2020,2020-06-26,1834.1,3.3
"128964","Eagle McMahon","DDO",2020,2020-06-26,1809.1,-0.3
"128967","Richard Wysocki","DDO",2020,2020-06-26,1811.2,-0.2
"128987","Kevin Jones","DDO",2020,2020-06-26,1762,0.1
"129022","Calvin Heimburg","DDO",2020,2020-06-26,1781.9,6.2
"129034","Drew Gibson","DDO",2020,2020-06-26,1747.2,1.6
"129182","Chris Dickerson","DDO",2020,2020-06-26,1762.7,1.4
"129197","Andrew Presnell","DDO",2020,2020-06-26,1729,-0.5
"129433","Kyle Klein","DDO",2020,2020-06-26,1561.5,10.3
"129666","Ezra Aderhold","DDO",2020,2020-06-26,1560.2,17.5
"129700","Simon Lizotte","Preserve",2020,2020-07-03,1787.9,7.4
"129710","Nikko Locastro","Preserve",2020,2020-07-03,1760.1,9.2
"129712","Garrett Gurthie","Preserve",2020,2020-07-03,1771.4,-1.5
"129722","James Conrad","Preserve",2020,2020-07-03,1773.2,6.2
"129817","Eagle McMahon","Preserve",2020,2020-07-03,1812.8,3.7
"129820","Richard Wysocki","Preserve",2020,2020-07-03,1809.9,-1.3
"129840","Kevin Jones","Preserve",2020,2020-07-03,1762.3,0.2
"129875","Calvin Heimburg","Preserve",2020,2020-07-03,1788.7,6.8
"129887","Drew Gibson","Preserve",2020,2020-07-03,1755.4,8.1
"129914","Chris Clemons","Preserve",2020,2020-07-03,1742.8,-0.1
"129986","Adam Hammes","Preserve",2020,2020-07-03,1729.2,4
"130050","Andrew Presnell","Preserve",2020,2020-07-03,1731.5,2.5
"130286","Kyle Klein","Preserve",2020,2020-07-03,1584.1,22.6
"130519","Ezra Aderhold","Preserve",2020,2020-07-03,1582.5,22.2
"131406","Simon Lizotte","DGLO",2020,2020-07-24,1780.9,-7
"131416","Nikko Locastro","DGLO",2020,2020-07-24,1764,4
"131418","Garrett Gurthie","DGLO",2020,2020-07-24,1768.4,-3
"131428","James Conrad","DGLO",2020,2020-07-24,1778,4.8
"131472","Paul McBeth","DGLO",2020,2020-07-24,1832.4,-1.6
"131523","Eagle McMahon","DGLO",2020,2020-07-24,1819.3,6.5
"131526","Richard Wysocki","DGLO",2020,2020-07-24,1816.2,6.3
"131546","Kevin Jones","DGLO",2020,2020-07-24,1770,7.7
"131566","Corey Ellis","DGLO",2020,2020-07-24,1633.8,10.7
"131581","Calvin Heimburg","DGLO",2020,2020-07-24,1791.9,3.2
"131593","Drew Gibson","DGLO",2020,2020-07-24,1757,1.6
"131620","Chris Clemons","DGLO",2020,2020-07-24,1745.1,2.3
"131692","Adam Hammes","DGLO",2020,2020-07-24,1735.4,6.2
"131741","Chris Dickerson","DGLO",2020,2020-07-24,1770.3,7.6
"131756","Andrew Presnell","DGLO",2020,2020-07-24,1736.4,4.9
"131885","Andrew Marwede","DGLO",2020,2020-07-24,1693,1.4
"131992","Kyle Klein","DGLO",2020,2020-07-24,1600.7,16.6
"132108","Alden Harris","DGLO",2020,2020-07-24,1576.2,18.6
"132225","Ezra Aderhold","DGLO",2020,2020-07-24,1599.3,16.8
"134828","Nikko Locastro","Idlewild",2020,2020-08-07,1768.8,4.8
"134830","Garrett Gurthie","Idlewild",2020,2020-08-07,1771.2,2.9
"134840","James Conrad","Idlewild",2020,2020-08-07,1778.5,0.5
"134884","Paul McBeth","Idlewild",2020,2020-08-07,1834.7,2.3
"134935","Eagle McMahon","Idlewild",2020,2020-08-07,1824.8,5.5
"134938","Richard Wysocki","Idlewild",2020,2020-08-07,1820.2,3.9
"134958","Kevin Jones","Idlewild",2020,2020-08-07,1775.6,5.6
"134978","Corey Ellis","Idlewild",2020,2020-08-07,1648.2,14.5
"134993","Calvin Heimburg","Idlewild",2020,2020-08-07,1796.3,4.4
"135005","Drew Gibson","Idlewild",2020,2020-08-07,1757.3,0.3
"135032","Chris Clemons","Idlewild",2020,2020-08-07,1749.1,4
"135104","Adam Hammes","Idlewild",2020,2020-08-07,1744,8.6
"135153","Chris Dickerson","Idlewild",2020,2020-08-07,1777.9,7.6
"135168","Andrew Presnell","Idlewild",2020,2020-08-07,1742.8,6.4
"135297","Andrew Marwede","Idlewild",2020,2020-08-07,1705.2,12.1
"135404","Kyle Klein","Idlewild",2020,2020-08-07,1620.5,19.8
"135520","Alden Harris","Idlewild",2020,2020-08-07,1591,14.8
"135637","Ezra Aderhold","Idlewild",2020,2020-08-07,1612.6,13.3
"135681","Nikko Locastro","Ledgestone",2020,2020-08-13,1771.8,3
"135683","Garrett Gurthie","Ledgestone",2020,2020-08-13,1772.3,1.1
"135693","James Conrad","Ledgestone",2020,2020-08-13,1766.5,-12
"135697","Matthew Orum","Ledgestone",2020,2020-08-13,1732.2,5.2
"135737","Paul McBeth","Ledgestone",2020,2020-08-13,1837.3,2.6
"135791","Richard Wysocki","Ledgestone",2020,2020-08-13,1828.5,8.3
"135811","Kevin Jones","Ledgestone",2020,2020-08-13,1779.4,3.8
"135831","Corey Ellis","Ledgestone",2020,2020-08-13,1654.2,6
"135846","Calvin Heimburg","Ledgestone",2020,2020-08-13,1795.7,-0.6
"135858","Drew Gibson","Ledgestone",2020,2020-08-13,1761.4,4.2
"135885","Chris Clemons","Ledgestone",2020,2020-08-13,1746.9,-2.3
"135957","Adam Hammes","Ledgestone",2020,2020-08-13,1742,-2
"136006","Chris Dickerson","Ledgestone",2020,2020-08-13,1780.5,2.6
"136021","Andrew Presnell","Ledgestone",2020,2020-08-13,1743,0.2
"136150","Andrew Marwede","Ledgestone",2020,2020-08-13,1712.8,7.6
"136257","Kyle Klein","Ledgestone",2020,2020-08-13,1634,13.5
"136373","Alden Harris","Ledgestone",2020,2020-08-13,1608.4,17.5
"136490","Ezra Aderhold","Ledgestone",2020,2020-08-13,1624.1,11.6
"136524","Simon Lizotte","Green",2020,2020-09-03,1780.4,-0.5
"136534","Nikko Locastro","Green",2020,2020-09-03,1780.7,9
"136536","Garrett Gurthie","Green",2020,2020-09-03,1774.8,2.4
"136546","James Conrad","Green",2020,2020-09-03,1776.4,9.9
"136590","Paul McBeth","Green",2020,2020-09-03,1845,7.7
"136641","Eagle McMahon","Green",2020,2020-09-03,1830.7,5.9
"136644","Richard Wysocki","Green",2020,2020-09-03,1833.3,4.9
"136664","Kevin Jones","Green",2020,2020-09-03,1791,11.6
"136699","Calvin Heimburg","Green",2020,2020-09-03,1803.4,7.7
"136738","Chris Clemons","Green",2020,2020-09-03,1748.8,1.9
"136859","Chris Dickerson","Green",2020,2020-09-03,1783.5,3
"137110","Kyle Klein","Green",2020,2020-09-03,1640.7,6.7
"137343","Ezra Aderhold","Green",2020,2020-09-03,1641.6,17.5
"137377","Simon Lizotte","MVP",2020,2020-09-11,1784.2,3.8
"137387","Nikko Locastro","MVP",2020,2020-09-11,1785.3,4.6
"137389","Garrett Gurthie","MVP",2020,2020-09-11,1780.5,5.7
"137399","James Conrad","MVP",2020,2020-09-11,1777.9,1.5
"137443","Paul McBeth","MVP",2020,2020-09-11,1850.9,6
"137494","Eagle McMahon","MVP",2020,2020-09-11,1829.2,-1.5
"137497","Richard Wysocki","MVP",2020,2020-09-11,1837.7,4.4
"137517","Kevin Jones","MVP",2020,2020-09-11,1789.2,-1.8
"137552","Calvin Heimburg","MVP",2020,2020-09-11,1808.3,4.8
"137591","Chris Clemons","MVP",2020,2020-09-11,1754.8,6
"137712","Chris Dickerson","MVP",2020,2020-09-11,1787.6,4.1
"137963","Kyle Klein","MVP",2020,2020-09-11,1656.8,16.1
"138196","Ezra Aderhold","MVP",2020,2020-09-11,1646,4.4
"138242","Garrett Gurthie","Jonesboro",2020,2020-10-01,1786.6,6.1
"138296","Paul McBeth","Jonesboro",2020,2020-10-01,1855.7,4.8
"138370","Kevin Jones","Jonesboro",2020,2020-10-01,1786.5,-2.7
"138405","Calvin Heimburg","Jonesboro",2020,2020-10-01,1815.1,6.8
"138516","Adam Hammes","Jonesboro",2020,2020-10-01,1744.5,2.4
"138565","Chris Dickerson","Jonesboro",2020,2020-10-01,1792.9,5.3
"138580","Andrew Presnell","Jonesboro",2020,2020-10-01,1750.4,7.4
"138707","Gannon Buhr","Jonesboro",2020,2020-10-01,1520.2,20.2
"138709","Andrew Marwede","Jonesboro",2020,2020-10-01,1717,4.3
"138816","Kyle Klein","Jonesboro",2020,2020-10-01,1664.8,8
"138932","Alden Harris","Jonesboro",2020,2020-10-01,1626,17.6
"139049","Ezra Aderhold","Jonesboro",2020,2020-10-01,1656.8,10.8
"139083","Simon Lizotte","USDGC",2020,2020-10-07,1744,-40.2
"139093","Nikko Locastro","USDGC",2020,2020-10-07,1784.2,-1.1
"139095","Garrett Gurthie","USDGC",2020,2020-10-07,1792.4,5.9
"139105","James Conrad","USDGC",2020,2020-10-07,1774.6,-3.3
"139149","Paul McBeth","USDGC",2020,2020-10-07,1851.8,-4
"139171","Bradley Williams","USDGC",2020,2020-10-07,1707.2,10.4
"139200","Eagle McMahon","USDGC",2020,2020-10-07,1823.9,-5.3
"139203","Richard Wysocki","USDGC",2020,2020-10-07,1839.2,1.5
"139223","Kevin Jones","USDGC",2020,2020-10-07,1781.5,-5
"139258","Calvin Heimburg","USDGC",2020,2020-10-07,1819.7,4.6
"139270","Drew Gibson","USDGC",2020,2020-10-07,1759.4,-2
"139297","Chris Clemons","USDGC",2020,2020-10-07,1761.4,6.6
"139369","Adam Hammes","USDGC",2020,2020-10-07,1751.3,6.8
"139418","Chris Dickerson","USDGC",2020,2020-10-07,1799.3,6.4
"139433","Andrew Presnell","USDGC",2020,2020-10-07,1752.2,1.7
"139562","Andrew Marwede","USDGC",2020,2020-10-07,1717.7,0.7
"139669","Kyle Klein","USDGC",2020,2020-10-07,1684.7,19.9
"139785","Alden Harris","USDGC",2020,2020-10-07,1628.3,2.3
"139902","Ezra Aderhold","USDGC",2020,2020-10-07,1660.4,3.7
"139969","Garrett Gurthie","LVC",2021,2021-02-25,1768.9,5.7
"139979","James Conrad","LVC",2021,2021-02-25,1750.3,3.2
"139986","Nate Sexton","LVC",2021,2021-02-25,1736.6,-0.7
"140046","Paul McBeth","LVC",2021,2021-02-25,1816.4,-0.2
"140139","Eagle McMahon","LVC",2021,2021-02-25,1801.3,9.8
"140142","Richard Wysocki","LVC",2021,2021-02-25,1808.8,3.5
"140173","Kevin Jones","LVC",2021,2021-02-25,1757.7,4.3
"140231","Calvin Heimburg","LVC",2021,2021-02-25,1793.9,6.2
"140252","Drew Gibson","LVC",2021,2021-02-25,1739.9,6.4
"140289","Chris Clemons","LVC",2021,2021-02-25,1732.8,-2.4
"140368","Adam Hammes","LVC",2021,2021-02-25,1728.5,2.4
"140447","Andrew Presnell","LVC",2021,2021-02-25,1717.9,-9
"140564","Mason Ford","LVC",2021,2021-02-25,1593.3,17.9
"140753","Kyle Klein","LVC",2021,2021-02-25,1663.8,-2.5
"141144","Ezra Aderhold","LVC",2021,2021-02-25,1663.1,18.8
"141385","Nikko Locastro","Waco",2021,2021-03-12,1765.9,10.1
"141392","Garrett Gurthie","Waco",2021,2021-03-12,1770.9,2
"141402","James Conrad","Waco",2021,2021-03-12,1750.5,0.2
"141406","Matthew Orum","Waco",2021,2021-03-12,1715.8,6.9
"141469","Paul McBeth","Waco",2021,2021-03-12,1819.7,3.3
"141505","Bradley Williams","Waco",2021,2021-03-12,1699,12.5
"141562","Eagle McMahon","Waco",2021,2021-03-12,1791,-10.2
"141565","Richard Wysocki","Waco",2021,2021-03-12,1809.3,0.5
"141596","Kevin Jones","Waco",2021,2021-03-12,1752.1,-5.6
"141654","Calvin Heimburg","Waco",2021,2021-03-12,1799.8,5.9
"141675","Drew Gibson","Waco",2021,2021-03-12,1740.3,0.4
"141712","Chris Clemons","Waco",2021,2021-03-12,1739.5,6.7
"141791","Adam Hammes","Waco",2021,2021-03-12,1729.9,1.3
"141853","Chris Dickerson","Waco",2021,2021-03-12,1774.6,5.3
"141870","Andrew Presnell","Waco",2021,2021-03-12,1725,7.1
"141987","Mason Ford","Waco",2021,2021-03-12,1611.7,18.3
"142024","Gannon Buhr","Waco",2021,2021-03-12,1553.8,35.6
"142176","Kyle Klein","Waco",2021,2021-03-12,1676,12.3
"142332","Alden Harris","Waco",2021,2021-03-12,1615.7,0.2
"142567","Ezra Aderhold","Waco",2021,2021-03-12,1670.7,7.6
"142808","Nikko Locastro","Texas",2021,2021-03-26,1766.6,0.7
"142815","Garrett Gurthie","Texas",2021,2021-03-26,1773.6,2.8
"142825","James Conrad","Texas",2021,2021-03-26,1752.7,2.2
"142829","Matthew Orum","Texas",2021,2021-03-26,1725.4,9.6
"142892","Paul McBeth","Texas",2021,2021-03-26,1823.2,3.5
"142928","Bradley Williams","Texas",2021,2021-03-26,1701,2
"142985","Eagle McMahon","Texas",2021,2021-03-26,1792.5,1.4
"142988","Richard Wysocki","Texas",2021,2021-03-26,1815.9,6.6
"143019","Kevin Jones","Texas",2021,2021-03-26,1755.6,3.4
"143077","Calvin Heimburg","Texas",2021,2021-03-26,1801.1,1.3
"143135","Chris Clemons","Texas",2021,2021-03-26,1738.4,-1.1
"143214","Adam Hammes","Texas",2021,2021-03-26,1730.1,0.3
"143276","Chris Dickerson","Texas",2021,2021-03-26,1779.6,5
"143365","Joel Freeman","Texas",2021,2021-03-26,1746.8,1.8
"143410","Mason Ford","Texas",2021,2021-03-26,1619.5,7.8
"143599","Kyle Klein","Texas",2021,2021-03-26,1681.6,5.6
"143755","Alden Harris","Texas",2021,2021-03-26,1628.5,12.9
"143990","Ezra Aderhold","Texas",2021,2021-03-26,1665.1,-5.6
"144231","Nikko Locastro","Jonesboro",2021,2021-04-16,1771.7,5
"144238","Garrett Gurthie","Jonesboro",2021,2021-04-16,1777.2,3.6
"144248","James Conrad","Jonesboro",2021,2021-04-16,1757,4.3
"144315","Paul McBeth","Jonesboro",2021,2021-04-16,1826.1,2.9
"144351","Bradley Williams","Jonesboro",2021,2021-04-16,1703.4,2.4
"144408","Eagle McMahon","Jonesboro",2021,2021-04-16,1800.1,7.6
"144411","Richard Wysocki","Jonesboro",2021,2021-04-16,1825,9.1
"144442","Kevin Jones","Jonesboro",2021,2021-04-16,1763.9,8.4
"144500","Calvin Heimburg","Jonesboro",2021,2021-04-16,1809.2,8.2
"144521","Drew Gibson","Jonesboro",2021,2021-04-16,1747.2,6.8
"144558","Chris Clemons","Jonesboro",2021,2021-04-16,1741,2.7
"144637","Adam Hammes","Jonesboro",2021,2021-04-16,1739.8,9.7
"144699","Chris Dickerson","Jonesboro",2021,2021-04-16,1785.9,6.3
"144716","Andrew Presnell","Jonesboro",2021,2021-04-16,1727.1,2.1
"144788","Joel Freeman","Jonesboro",2021,2021-04-16,1748.4,1.6
"144833","Mason Ford","Jonesboro",2021,2021-04-16,1631.6,12.1
"144870","Gannon Buhr","Jonesboro",2021,2021-04-16,1577.7,23.9
"144873","Andrew Marwede","Jonesboro",2021,2021-04-16,1700.3,4.4
"145022","Kyle Klein","Jonesboro",2021,2021-04-16,1689.5,7.9
"145178","Alden Harris","Jonesboro",2021,2021-04-16,1638.8,10.2
"145413","Ezra Aderhold","Jonesboro",2021,2021-04-16,1674.9,9.8
"145654","Nikko Locastro","DDO",2021,2021-04-28,1766.1,-5.6
"145661","Garrett Gurthie","DDO",2021,2021-04-28,1776.8,-0.4
"145671","James Conrad","DDO",2021,2021-04-28,1763.5,6.5
"145678","Nate Sexton","DDO",2021,2021-04-28,1736.3,-0.3
"145738","Paul McBeth","DDO",2021,2021-04-28,1836.4,10.3
"145831","Eagle McMahon","DDO",2021,2021-04-28,1808.4,8.3
"145834","Richard Wysocki","DDO",2021,2021-04-28,1832,7
"145865","Kevin Jones","DDO",2021,2021-04-28,1765.7,1.8
"145923","Calvin Heimburg","DDO",2021,2021-04-28,1816,6.7
"145944","Drew Gibson","DDO",2021,2021-04-28,1757.2,10.1
"145981","Chris Clemons","DDO",2021,2021-04-28,1743.8,2.8
"146060","Adam Hammes","DDO",2021,2021-04-28,1749.7,9.9
"146122","Chris Dickerson","DDO",2021,2021-04-28,1796,10.2
"146139","Andrew Presnell","DDO",2021,2021-04-28,1738.9,11.8
"146211","Joel Freeman","DDO",2021,2021-04-28,1749.8,1.4
"146256","Mason Ford","DDO",2021,2021-04-28,1643.5,11.9
"146293","Gannon Buhr","DDO",2021,2021-04-28,1601.5,23.9
"146296","Andrew Marwede","DDO",2021,2021-04-28,1704.2,3.8
"146601","Alden Harris","DDO",2021,2021-04-28,1654.9,16.1
"148481","Simon Lizotte","OTB",2021,2021-05-14,1726.7,7
"148500","Nikko Locastro","OTB",2021,2021-05-14,1771.6,5.5
"148507","Garrett Gurthie","OTB",2021,2021-05-14,1778.4,1.6
"148517","James Conrad","OTB",2021,2021-05-14,1772.2,8.7
"148524","Nate Sexton","OTB",2021,2021-05-14,1742.8,6.5
"148584","Paul McBeth","OTB",2021,2021-05-14,1840.1,3.7
"148677","Eagle McMahon","OTB",2021,2021-05-14,1816.2,7.8
"148680","Richard Wysocki","OTB",2021,2021-05-14,1837.5,5.4
"148711","Kevin Jones","OTB",2021,2021-05-14,1768.2,2.5
"148769","Calvin Heimburg","OTB",2021,2021-05-14,1820.9,4.9
"148790","Drew Gibson","OTB",2021,2021-05-14,1760.5,3.3
"148827","Chris Clemons","OTB",2021,2021-05-14,1746,2.2
"148906","Adam Hammes","OTB",2021,2021-05-14,1756.2,6.5
"149057","Joel Freeman","OTB",2021,2021-05-14,1756.9,7.1
"149291","Kyle Klein","OTB",2021,2021-05-14,1698.8,9.3
"149447","Alden Harris","OTB",2021,2021-05-14,1663,8.1
"149682","Ezra Aderhold","OTB",2021,2021-05-14,1684,9.1
"151353","Garrett Gurthie","Masters Cup",2021,2021-05-28,1757.5,-20.9
"151363","James Conrad","Masters Cup",2021,2021-05-28,1772.5,0.3
"151370","Nate Sexton","Masters Cup",2021,2021-05-28,1745.7,2.9
"151430","Paul McBeth","Masters Cup",2021,2021-05-28,1843.5,3.4
"151526","Richard Wysocki","Masters Cup",2021,2021-05-28,1832.6,-4.9
"151557","Kevin Jones","Masters Cup",2021,2021-05-28,1774,5.8
"151615","Calvin Heimburg","Masters Cup",2021,2021-05-28,1805.2,-15.7
"151636","Drew Gibson","Masters Cup",2021,2021-05-28,1766.3,5.8
"151673","Chris Clemons","Masters Cup",2021,2021-05-28,1748.6,2.6
"151752","Adam Hammes","Masters Cup",2021,2021-05-28,1766.5,10.2
"151948","Mason Ford","Masters Cup",2021,2021-05-28,1651.6,8.1
"152137","Kyle Klein","Masters Cup",2021,2021-05-28,1710,11.2
"152293","Alden Harris","Masters Cup",2021,2021-05-28,1670.1,7.2
"152528","Ezra Aderhold","Masters Cup",2021,2021-05-28,1693,9
"154173","Simon Lizotte","Portland",2021,2021-06-04,1737.9,11.2
"154192","Nikko Locastro","Portland",2021,2021-06-04,1778.9,7.4
"154199","Garrett Gurthie","Portland",2021,2021-06-04,1760.5,2.9
"154209","James Conrad","Portland",2021,2021-06-04,1771.9,-0.6
"154216","Nate Sexton","Portland",2021,2021-06-04,1746.8,1.1
"154276","Paul McBeth","Portland",2021,2021-06-04,1849.4,5.9
"154369","Eagle McMahon","Portland",2021,2021-06-04,1824.3,8.2
"154372","Richard Wysocki","Portland",2021,2021-06-04,1839.4,6.8
"154403","Kevin Jones","Portland",2021,2021-06-04,1783.5,9.5
"154461","Calvin Heimburg","Portland",2021,2021-06-04,1812.8,7.6
"154519","Chris Clemons","Portland",2021,2021-06-04,1748.2,-0.5
"154598","Adam Hammes","Portland",2021,2021-06-04,1769.9,3.5
"154677","Andrew Presnell","Portland",2021,2021-06-04,1745.2,6.3
"154749","Joel Freeman","Portland",2021,2021-06-04,1760.8,3.9
"154794","Mason Ford","Portland",2021,2021-06-04,1663.6,12
"154834","Andrew Marwede","Portland",2021,2021-06-04,1701.9,-2.3
"154983","Kyle Klein","Portland",2021,2021-06-04,1717.2,7.1
"155139","Alden Harris","Portland",2021,2021-06-04,1676.3,6.2
"155374","Ezra Aderhold","Portland",2021,2021-06-04,1702.4,9.4
"158442","Simon Lizotte","World",2021,2021-06-22,1743.5,5.6
"158461","Nikko Locastro","World",2021,2021-06-22,1770,-9
"158468","Garrett Gurthie","World",2021,2021-06-22,1754.2,-6.3
"158478","James Conrad","World",2021,2021-06-22,1780.5,8.6
"158482","Matthew Orum","World",2021,2021-06-22,1735.3,9.9
"158485","Nate Sexton","World",2021,2021-06-22,1756.9,10.2
"158545","Paul McBeth","World",2021,2021-06-22,1853.6,4.2
"158581","Bradley Williams","World",2021,2021-06-22,1703.8,0.4
"158638","Eagle McMahon","World",2021,2021-06-22,1818.1,-6.2
"158641","Richard Wysocki","World",2021,2021-06-22,1840.6,1.2
"158672","Kevin Jones","World",2021,2021-06-22,1791,7.5
"158708","Corey Ellis","World",2021,2021-06-22,1652,13.2
"158730","Calvin Heimburg","World",2021,2021-06-22,1820.7,7.9
"158751","Drew Gibson","World",2021,2021-06-22,1763.9,-2.4
"158788","Chris Clemons","World",2021,2021-06-22,1752.1,4
"158867","Adam Hammes","World",2021,2021-06-22,1772.8,2.9
"158929","Chris Dickerson","World",2021,2021-06-22,1802.7,6.7
"158946","Andrew Presnell","World",2021,2021-06-22,1736.8,-8.4
"159018","Joel Freeman","World",2021,2021-06-22,1764.2,3.4
"159063","Mason Ford","World",2021,2021-06-22,1682.1,18.5
"159100","Gannon Buhr","World",2021,2021-06-22,1618.6,17.1
"159103","Andrew Marwede","World",2021,2021-06-22,1702.4,0.5
"159252","Kyle Klein","World",2021,2021-06-22,1725.3,8.1
"159408","Alden Harris","World",2021,2021-06-22,1684.9,8.5
"159643","Ezra Aderhold","World",2021,2021-06-22,1716.6,14.1
"162730","Nikko Locastro","DesMoines",2021,2021-07-09,1769.2,-0.7
"162737","Garrett Gurthie","DesMoines",2021,2021-07-09,1759.2,5
"162747","James Conrad","DesMoines",2021,2021-07-09,1786.2,5.8
"162814","Paul McBeth","DesMoines",2021,2021-07-09,1859.7,6.1
"162850","Bradley Williams","DesMoines",2021,2021-07-09,1712.5,8.8
"162941","Kevin Jones","DesMoines",2021,2021-07-09,1796.7,5.7
"162999","Calvin Heimburg","DesMoines",2021,2021-07-09,1827.3,6.6
"163057","Chris Clemons","DesMoines",2021,2021-07-09,1759.1,7
"163136","Adam Hammes","DesMoines",2021,2021-07-09,1779.9,7
"163215","Andrew Presnell","DesMoines",2021,2021-07-09,1740,3.2
"163369","Gannon Buhr","DesMoines",2021,2021-07-09,1636.1,17.4
"163912","Ezra Aderhold","DesMoines",2021,2021-07-09,1725.4,8.8
"166980","Simon Lizotte","DGLO",2021,2021-07-23,1752.2,8.8
"166999","Nikko Locastro","DGLO",2021,2021-07-23,1772.7,3.5
"167006","Garrett Gurthie","DGLO",2021,2021-07-23,1763.5,4.3
"167016","James Conrad","DGLO",2021,2021-07-23,1794.3,8.1
"167083","Paul McBeth","DGLO",2021,2021-07-23,1862.2,2.5
"167119","Bradley Williams","DGLO",2021,2021-07-23,1710.4,-2.1
"167176","Eagle McMahon","DGLO",2021,2021-07-23,1827,8.9
"167179","Richard Wysocki","DGLO",2021,2021-07-23,1843.7,3.1
"167210","Kevin Jones","DGLO",2021,2021-07-23,1802.7,6.1
"167246","Corey Ellis","DGLO",2021,2021-07-23,1673.2,21.2
"167268","Calvin Heimburg","DGLO",2021,2021-07-23,1828.2,0.9
"167289","Drew Gibson","DGLO",2021,2021-07-23,1766.5,2.6
"167326","Chris Clemons","DGLO",2021,2021-07-23,1760.9,1.8
"167405","Adam Hammes","DGLO",2021,2021-07-23,1788.2,8.3
"167467","Chris Dickerson","DGLO",2021,2021-07-23,1806,3.2
"167484","Andrew Presnell","DGLO",2021,2021-07-23,1737.7,-2.3
"167556","Joel Freeman","DGLO",2021,2021-07-23,1770.8,6.6
"167601","Mason Ford","DGLO",2021,2021-07-23,1693.3,11.2
"167638","Gannon Buhr","DGLO",2021,2021-07-23,1651.2,15.1
"167641","Andrew Marwede","DGLO",2021,2021-07-23,1707.3,5
"167790","Kyle Klein","DGLO",2021,2021-07-23,1739.4,14.2
"168181","Ezra Aderhold","DGLO",2021,2021-07-23,1734.2,8.8
"168403","Simon Lizotte","Preserve",2021,2021-07-30,1753.3,1
"168422","Nikko Locastro","Preserve",2021,2021-07-30,1776.1,3.3
"168429","Garrett Gurthie","Preserve",2021,2021-07-30,1765.8,2.3
"168439","James Conrad","Preserve",2021,2021-07-30,1800.8,6.5
"168443","Matthew Orum","Preserve",2021,2021-07-30,1746.4,11.1
"168446","Nate Sexton","Preserve",2021,2021-07-30,1757.6,0.7
"168506","Paul McBeth","Preserve",2021,2021-07-30,1867.9,5.8
"168542","Bradley Williams","Preserve",2021,2021-07-30,1715.5,5
"168599","Eagle McMahon","Preserve",2021,2021-07-30,1834.4,7.4
"168602","Richard Wysocki","Preserve",2021,2021-07-30,1850.7,7.1
"168633","Kevin Jones","Preserve",2021,2021-07-30,1807,4.3
"168691","Calvin Heimburg","Preserve",2021,2021-07-30,1829.7,1.5
"168712","Drew Gibson","Preserve",2021,2021-07-30,1764.6,-2
"168749","Chris Clemons","Preserve",2021,2021-07-30,1761.8,0.9
"168828","Adam Hammes","Preserve",2021,2021-07-30,1784.7,-3.5
"168907","Andrew Presnell","Preserve",2021,2021-07-30,1742.5,4.8
"168979","Joel Freeman","Preserve",2021,2021-07-30,1770.5,-0.3
"169061","Gannon Buhr","Preserve",2021,2021-07-30,1671.7,20.5
"169064","Andrew Marwede","Preserve",2021,2021-07-30,1710.1,2.8
"169213","Kyle Klein","Preserve",2021,2021-07-30,1745.6,6.2
"169369","Alden Harris","Preserve",2021,2021-07-30,1688.7,3.8
"169604","Ezra Aderhold","Preserve",2021,2021-07-30,1742.6,8.4
"172691","Nikko Locastro","Ledgestone",2021,2021-08-05,1782.8,6.7
"172698","Garrett Gurthie","Ledgestone",2021,2021-08-05,1768.5,2.8
"172708","James Conrad","Ledgestone",2021,2021-08-05,1799.3,-1.5
"172712","Matthew Orum","Ledgestone",2021,2021-08-05,1754,7.6
"172715","Nate Sexton","Ledgestone",2021,2021-08-05,1763.5,5.9
"172775","Paul McBeth","Ledgestone",2021,2021-08-05,1862.1,-5.9
"172811","Bradley Williams","Ledgestone",2021,2021-08-05,1724.3,8.8
"172868","Eagle McMahon","Ledgestone",2021,2021-08-05,1840.3,5.9
"172871","Richard Wysocki","Ledgestone",2021,2021-08-05,1856,5.2
"172902","Kevin Jones","Ledgestone",2021,2021-08-05,1809.2,2.1
"172938","Corey Ellis","Ledgestone",2021,2021-08-05,1660.7,-12.5
"172960","Calvin Heimburg","Ledgestone",2021,2021-08-05,1835.7,6
"172981","Drew Gibson","Ledgestone",2021,2021-08-05,1772.6,8.1
"173018","Chris Clemons","Ledgestone",2021,2021-08-05,1764,2.2
"173097","Adam Hammes","Ledgestone",2021,2021-08-05,1779.3,-5.4
"173159","Chris Dickerson","Ledgestone",2021,2021-08-05,1810.6,4.7
"173176","Andrew Presnell","Ledgestone",2021,2021-08-05,1745.6,3.1
"173248","Joel Freeman","Ledgestone",2021,2021-08-05,1774.9,4.4
"173293","Mason Ford","Ledgestone",2021,2021-08-05,1702.6,9.3
"173330","Gannon Buhr","Ledgestone",2021,2021-08-05,1676.5,4.8
"173333","Andrew Marwede","Ledgestone",2021,2021-08-05,1722.6,12.4
"173482","Kyle Klein","Ledgestone",2021,2021-08-05,1753.5,7.9
"173638","Alden Harris","Ledgestone",2021,2021-08-05,1695.6,6.9
"173873","Ezra Aderhold","Ledgestone",2021,2021-08-05,1744.9,2.3
"174095","Simon Lizotte","European Championship",2021,2021-08-11,1752.2,-1
"175537","Nikko Locastro","Idlewild",2021,2021-08-13,1784.3,1.5
"175544","Garrett Gurthie","Idlewild",2021,2021-08-13,1768.4,-0.1
"175554","James Conrad","Idlewild",2021,2021-08-13,1798.2,-1.1
"175558","Matthew Orum","Idlewild",2021,2021-08-13,1758.8,4.8
"175621","Paul McBeth","Idlewild",2021,2021-08-13,1863.8,1.7
"175657","Bradley Williams","Idlewild",2021,2021-08-13,1731.4,7.1
"175714","Eagle McMahon","Idlewild",2021,2021-08-13,1841.2,0.9
"175717","Richard Wysocki","Idlewild",2021,2021-08-13,1858.6,2.7
"175748","Kevin Jones","Idlewild",2021,2021-08-13,1816.3,7.1
"175784","Corey Ellis","Idlewild",2021,2021-08-13,1678.7,18.1
"175806","Calvin Heimburg","Idlewild",2021,2021-08-13,1841.4,5.7
"175827","Drew Gibson","Idlewild",2021,2021-08-13,1781.2,8.5
"175864","Chris Clemons","Idlewild",2021,2021-08-13,1768.9,4.9
"175943","Adam Hammes","Idlewild",2021,2021-08-13,1783,3.7
"176005","Chris Dickerson","Idlewild",2021,2021-08-13,1814.3,3.7
"176022","Andrew Presnell","Idlewild",2021,2021-08-13,1750.1,4.5
"176094","Joel Freeman","Idlewild",2021,2021-08-13,1783.6,8.7
"176139","Mason Ford","Idlewild",2021,2021-08-13,1706.5,3.9
"176176","Gannon Buhr","Idlewild",2021,2021-08-13,1686.1,9.6
"176179","Andrew Marwede","Idlewild",2021,2021-08-13,1736.5,13.9
"176328","Kyle Klein","Idlewild",2021,2021-08-13,1764.5,10.9
"176484","Alden Harris","Idlewild",2021,2021-08-13,1701.5,5.9
"176719","Ezra Aderhold","Idlewild",2021,2021-08-13,1748.8,3.9
"179806","Nikko Locastro","DDGC",2021,2021-08-27,1789.2,5
"179813","Garrett Gurthie","DDGC",2021,2021-08-27,1773.5,5.1
"179823","James Conrad","DDGC",2021,2021-08-27,1800,1.8
"179827","Matthew Orum","DDGC",2021,2021-08-27,1766,7.2
"179926","Bradley Williams","DDGC",2021,2021-08-27,1739.3,7.9
"179986","Richard Wysocki","DDGC",2021,2021-08-27,1863.4,4.8
"180053","Corey Ellis","DDGC",2021,2021-08-27,1694.4,15.6
"180075","Calvin Heimburg","DDGC",2021,2021-08-27,1845.6,4.2
"180212","Adam Hammes","DDGC",2021,2021-08-27,1788,4.9
"180274","Chris Dickerson","DDGC",2021,2021-08-27,1817.4,3.1
"180363","Joel Freeman","DDGC",2021,2021-08-27,1789.3,5.8
"180448","Andrew Marwede","DDGC",2021,2021-08-27,1747,10.5
"180753","Alden Harris","DDGC",2021,2021-08-27,1711.8,10.3
"182652","Nikko Locastro","MVP",2021,2021-09-03,1791.1,1.8
"182659","Garrett Gurthie","MVP",2021,2021-09-03,1776.2,2.7
"182669","James Conrad","MVP",2021,2021-09-03,1802.3,2.3
"182673","Matthew Orum","MVP",2021,2021-09-03,1774.7,8.7
"182736","Paul McBeth","MVP",2021,2021-09-03,1863.9,0
"182772","Bradley Williams","MVP",2021,2021-09-03,1740.2,0.9
"182829","Eagle McMahon","MVP",2021,2021-09-03,1845.8,4.7
"182832","Richard Wysocki","MVP",2021,2021-09-03,1868.9,5.5
"182863","Kevin Jones","MVP",2021,2021-09-03,1815.4,-0.9
"182899","Corey Ellis","MVP",2021,2021-09-03,1704.3,9.9
"182921","Calvin Heimburg","MVP",2021,2021-09-03,1849.7,4.2
"182942","Drew Gibson","MVP",2021,2021-09-03,1782.3,1.1
"182979","Chris Clemons","MVP",2021,2021-09-03,1773,4.1
"183058","Adam Hammes","MVP",2021,2021-09-03,1798,10
"183120","Chris Dickerson","MVP",2021,2021-09-03,1820.1,2.7
"183137","Andrew Presnell","MVP",2021,2021-09-03,1750.9,0.8
"183209","Joel Freeman","MVP",2021,2021-09-03,1795,5.6
"183294","Andrew Marwede","MVP",2021,2021-09-03,1756.2,9.2
"183443","Kyle Klein","MVP",2021,2021-09-03,1764.9,0.4
"183599","Alden Harris","MVP",2021,2021-09-03,1721.2,9.4
"183834","Ezra Aderhold","MVP",2021,2021-09-03,1753.5,4.7
"185479","Simon Lizotte","GMC",2021,2021-09-09,1760.4,8.2
"185498","Nikko Locastro","GMC",2021,2021-09-09,1793.7,2.6
"185505","Garrett Gurthie","GMC",2021,2021-09-09,1782,5.8
"185515","James Conrad","GMC",2021,2021-09-09,1804.9,2.7
"185519","Matthew Orum","GMC",2021,2021-09-09,1783.2,8.4
"185582","Paul McBeth","GMC",2021,2021-09-09,1869.7,5.9
"185618","Bradley Williams","GMC",2021,2021-09-09,1749.7,9.5
"185675","Eagle McMahon","GMC",2021,2021-09-09,1847.7,1.9
"185678","Richard Wysocki","GMC",2021,2021-09-09,1878.3,9.4
"185709","Kevin Jones","GMC",2021,2021-09-09,1814.7,-0.7
"185745","Corey Ellis","GMC",2021,2021-09-09,1717.7,13.4
"185767","Calvin Heimburg","GMC",2021,2021-09-09,1852.6,2.8
"185788","Drew Gibson","GMC",2021,2021-09-09,1773.7,-8.6
"185825","Chris Clemons","GMC",2021,2021-09-09,1777.9,4.9
"185904","Adam Hammes","GMC",2021,2021-09-09,1800.5,2.5
"185966","Chris Dickerson","GMC",2021,2021-09-09,1833.1,13
"185983","Andrew Presnell","GMC",2021,2021-09-09,1763.1,12.2
"186055","Joel Freeman","GMC",2021,2021-09-09,1794.4,-0.5
"186137","Gannon Buhr","GMC",2021,2021-09-09,1705.5,19.4
"186140","Andrew Marwede","GMC",2021,2021-09-09,1768.6,12.5
"186289","Kyle Klein","GMC",2021,2021-09-09,1768.7,3.8
"186445","Alden Harris","GMC",2021,2021-09-09,1731.1,9.8
"186680","Ezra Aderhold","GMC",2021,2021-09-09,1749.9,-3.6
"189767","Nikko Locastro","MCO",2021,2021-09-23,1801.6,7.9
"189774","Garrett Gurthie","MCO",2021,2021-09-23,1793.1,11.2
"189784","James Conrad","MCO",2021,2021-09-23,1800.7,-4.2
"189788","Matthew Orum","MCO",2021,2021-09-23,1786.9,3.7
"189851","Paul McBeth","MCO",2021,2021-09-23,1869.2,-0.6
"189887","Bradley Williams","MCO",2021,2021-09-23,1761.7,12
"189947","Richard Wysocki","MCO",2021,2021-09-23,1882.6,4.3
"189978","Kevin Jones","MCO",2021,2021-09-23,1823.5,8.8
"190014","Corey Ellis","MCO",2021,2021-09-23,1726.9,9.2
"190173","Adam Hammes","MCO",2021,2021-09-23,1811.1,10.6
"190235","Chris Dickerson","MCO",2021,2021-09-23,1841.2,8
"190324","Joel Freeman","MCO",2021,2021-09-23,1794.7,0.2
"190369","Mason Ford","MCO",2021,2021-09-23,1725.7,19.2
"190714","Alden Harris","MCO",2021,2021-09-23,1743.6,12.6
"190949","Ezra Aderhold","MCO",2021,2021-09-23,1742.3,-7.6
"195440","Simon Lizotte","USDGC",2021,2021-10-06,1769.2,8.7
"195459","Nikko Locastro","USDGC",2021,2021-10-06,1809.3,7.7
"195466","Garrett Gurthie","USDGC",2021,2021-10-06,1784.1,-9
"195476","James Conrad","USDGC",2021,2021-10-06,1804.8,4.1
"195480","Matthew Orum","USDGC",2021,2021-10-06,1797.3,10.4
"195483","Nate Sexton","USDGC",2021,2021-10-06,1777.4,13.9
"195543","Paul McBeth","USDGC",2021,2021-10-06,1876.6,7.5
"195579","Bradley Williams","USDGC",2021,2021-10-06,1772.8,11.1
"195636","Eagle McMahon","USDGC",2021,2021-10-06,1853.2,5.5
"195639","Richard Wysocki","USDGC",2021,2021-10-06,1888.6,6.1
"195670","Kevin Jones","USDGC",2021,2021-10-06,1817.5,-6
"195706","Corey Ellis","USDGC",2021,2021-10-06,1731.9,5
"195728","Calvin Heimburg","USDGC",2021,2021-10-06,1845.9,-6.7
"195749","Drew Gibson","USDGC",2021,2021-10-06,1788,14.3
"195786","Chris Clemons","USDGC",2021,2021-10-06,1781.3,3.4
"195865","Adam Hammes","USDGC",2021,2021-10-06,1812.7,1.6
"195927","Chris Dickerson","USDGC",2021,2021-10-06,1848.2,7
"195944","Andrew Presnell","USDGC",2021,2021-10-06,1770.2,7
"196016","Joel Freeman","USDGC",2021,2021-10-06,1806.1,11.5
"196061","Mason Ford","USDGC",2021,2021-10-06,1733.4,7.6
"196098","Gannon Buhr","USDGC",2021,2021-10-06,1724.3,18.8
"196101","Andrew Marwede","USDGC",2021,2021-10-06,1768.7,0
"196250","Kyle Klein","USDGC",2021,2021-10-06,1785,16.3
"196406","Alden Harris","USDGC",2021,2021-10-06,1751.2,7.6
"196641","Ezra Aderhold","USDGC",2021,2021-10-06,1756.4,14.1
"196864","Nikko Locastro","LVC",2022,2022-02-24,1785.9,7.5
"196867","Garrett Gurthie","LVC",2022,2022-02-24,1759,3.3
"196872","James Conrad","LVC",2022,2022-02-24,1778.1,3.8
"196877","Nate Sexton","LVC",2022,2022-02-24,1751.2,1.5
"196924","Bradley Williams","LVC",2022,2022-02-24,1743,-2.6
"196961","Eagle McMahon","LVC",2022,2022-02-24,1795.8,-22.1
"196962","Richard Wysocki","LVC",2022,2022-02-24,1847.7,-2.1
"196982","Kevin Jones","LVC",2022,2022-02-24,1796.2,10.5
"197006","Corey Ellis","LVC",2022,2022-02-24,1708.5,-0.2
"197022","Calvin Heimburg","LVC",2022,2022-02-24,1819.6,8.3
"197034","Drew Gibson","LVC",2022,2022-02-24,1773.4,14.2
"197048","Chris Clemons","LVC",2022,2022-02-24,1748.5,-4.7
"197093","Adam Hammes","LVC",2022,2022-02-24,1789.9,8.5
"197135","Chris Dickerson","LVC",2022,2022-02-24,1815.6,2.2
"197143","Andrew Presnell","LVC",2022,2022-02-24,1746.4,3.3
"197238","Gannon Buhr","LVC",2022,2022-02-24,1720,18.1
"197240","Andrew Marwede","LVC",2022,2022-02-24,1733,-8.9
"197335","Kyle Klein","LVC",2022,2022-02-24,1760.2,3.7
"197434","Alden Harris","LVC",2022,2022-02-24,1727.2,1
"197593","Ezra Aderhold","LVC",2022,2022-02-24,1740.4,9.7
"198786","Simon Lizotte","Waco",2022,2022-03-11,1737.5,-4.8
"198796","Nikko Locastro","Waco",2022,2022-03-11,1790.3,4.5
"198799","Garrett Gurthie","Waco",2022,2022-03-11,1759.4,0.4
"198804","James Conrad","Waco",2022,2022-03-11,1782.5,4.4
"198834","Paul McBeth","Waco",2022,2022-03-11,1844.9,6
"198856","Bradley Williams","Waco",2022,2022-03-11,1747.5,4.5
"198894","Richard Wysocki","Waco",2022,2022-03-11,1846.6,-1.1
"198914","Kevin Jones","Waco",2022,2022-03-11,1796.8,0.6
"198938","Corey Ellis","Waco",2022,2022-03-11,1705,-3.5
"198954","Calvin Heimburg","Waco",2022,2022-03-11,1820,0.3
"198980","Chris Clemons","Waco",2022,2022-03-11,1757.2,8.7
"199025","Adam Hammes","Waco",2022,2022-03-11,1776.7,-13.2
"199067","Chris Dickerson","Waco",2022,2022-03-11,1816.5,1
"199075","Andrew Presnell","Waco",2022,2022-03-11,1748.5,2.1
"199123","Joel Freeman","Waco",2022,2022-03-11,1781.9,6.3
"199148","Mason Ford","Waco",2022,2022-03-11,1717.9,7.8
"199170","Gannon Buhr","Waco",2022,2022-03-11,1724.1,4.1
"199172","Andrew Marwede","Waco",2022,2022-03-11,1735.6,2.6
"199267","Kyle Klein","Waco",2022,2022-03-11,1763.2,3
"199366","Alden Harris","Waco",2022,2022-03-11,1730.9,3.7
"199525","Ezra Aderhold","Waco",2022,2022-03-11,1730.4,-10.1
"199762","Nikko Locastro","Texas",2022,2022-03-25,1794.4,4.1
"199765","Garrett Gurthie","Texas",2022,2022-03-25,1754.9,-4.5
"199770","James Conrad","Texas",2022,2022-03-25,1790.5,8
"199773","Matthew Orum","Texas",2022,2022-03-25,1773.2,5.6
"199775","Nate Sexton","Texas",2022,2022-03-25,1756,4.7
"199800","Paul McBeth","Texas",2022,2022-03-25,1846.1,1.2
"199822","Bradley Williams","Texas",2022,2022-03-25,1743.8,-3.7
"199860","Richard Wysocki","Texas",2022,2022-03-25,1854,7.4
"199880","Kevin Jones","Texas",2022,2022-03-25,1797.8,1
"199904","Corey Ellis","Texas",2022,2022-03-25,1713.9,8.9
"199920","Calvin Heimburg","Texas",2022,2022-03-25,1828.2,8.2
"199946","Chris Clemons","Texas",2022,2022-03-25,1761.5,4.3
"199991","Adam Hammes","Texas",2022,2022-03-25,1777.9,1.2
"200033","Chris Dickerson","Texas",2022,2022-03-25,1819.3,2.8
"200089","Joel Freeman","Texas",2022,2022-03-25,1790.4,8.6
"200114","Mason Ford","Texas",2022,2022-03-25,1726.9,9
"200136","Gannon Buhr","Texas",2022,2022-03-25,1734.6,10.5
"200138","Andrew Marwede","Texas",2022,2022-03-25,1742.8,7.2
"200233","Kyle Klein","Texas",2022,2022-03-25,1766,2.8
"200332","Alden Harris","Texas",2022,2022-03-25,1737.5,6.6
"200491","Ezra Aderhold","Texas",2022,2022-03-25,1730.2,-0.2
"200718","Simon Lizotte","Champions",2022,2022-04-14,1743.8,6.3
"200728","Nikko Locastro","Champions",2022,2022-04-14,1797.3,2.9
"200736","James Conrad","Champions",2022,2022-04-14,1798.5,7.9
"200739","Matthew Orum","Champions",2022,2022-04-14,1785.8,12.6
"200766","Paul McBeth","Champions",2022,2022-04-14,1845.4,-0.7
"200788","Bradley Williams","Champions",2022,2022-04-14,1745,1.2
"200825","Eagle McMahon","Champions",2022,2022-04-14,1799.8,4
"200826","Richard Wysocki","Champions",2022,2022-04-14,1861.1,7.1
"200846","Kevin Jones","Champions",2022,2022-04-14,1802.2,4.4
"200870","Corey Ellis","Champions",2022,2022-04-14,1735.3,21.4
"200886","Calvin Heimburg","Champions",2022,2022-04-14,1836.8,8.6
"200898","Drew Gibson","Champions",2022,2022-04-14,1784,10.6
"200912","Chris Clemons","Champions",2022,2022-04-14,1768.3,6.8
"200957","Adam Hammes","Champions",2022,2022-04-14,1759.3,-18.6
"200999","Chris Dickerson","Champions",2022,2022-04-14,1831.1,11.8
"201007","Andrew Presnell","Champions",2022,2022-04-14,1751.8,3.3
"201055","Joel Freeman","Champions",2022,2022-04-14,1796.7,6.2
"201080","Mason Ford","Champions",2022,2022-04-14,1740,13.1
"201102","Gannon Buhr","Champions",2022,2022-04-14,1751.1,16.5
"201104","Andrew Marwede","Champions",2022,2022-04-14,1751.7,9
"201199","Kyle Klein","Champions",2022,2022-04-14,1770.8,4.8
"201298","Alden Harris","Champions",2022,2022-04-14,1743.7,6.2
"201457","Ezra Aderhold","Champions",2022,2022-04-14,1743.2,13.1
"201684","Simon Lizotte","Jonesboro",2022,2022-04-22,1748.4,4.6
"201694","Nikko Locastro","Jonesboro",2022,2022-04-22,1798.2,0.9
"201697","Garrett Gurthie","Jonesboro",2022,2022-04-22,1755.8,0.9
"201702","James Conrad","Jonesboro",2022,2022-04-22,1800.5,2
"201705","Matthew Orum","Jonesboro",2022,2022-04-22,1790.2,4.4
"201707","Nate Sexton","Jonesboro",2022,2022-04-22,1752.7,-3.3
"201732","Paul McBeth","Jonesboro",2022,2022-04-22,1850.6,5.2
"201754","Bradley Williams","Jonesboro",2022,2022-04-22,1745.1,0.1
"201792","Richard Wysocki","Jonesboro",2022,2022-04-22,1858.7,-2.4
"201812","Kevin Jones","Jonesboro",2022,2022-04-22,1809.1,7
"201836","Corey Ellis","Jonesboro",2022,2022-04-22,1741.8,6.5
"201852","Calvin Heimburg","Jonesboro",2022,2022-04-22,1843.1,6.3
"201864","Drew Gibson","Jonesboro",2022,2022-04-22,1781.6,-2.4
"201878","Chris Clemons","Jonesboro",2022,2022-04-22,1766.2,-2.1
"201923","Adam Hammes","Jonesboro",2022,2022-04-22,1760.5,1.2
"201965","Chris Dickerson","Jonesboro",2022,2022-04-22,1834.5,3.4
"201973","Andrew Presnell","Jonesboro",2022,2022-04-22,1743.7,-8
"202021","Joel Freeman","Jonesboro",2022,2022-04-22,1801.2,4.5
"202046","Mason Ford","Jonesboro",2022,2022-04-22,1746,6
"202068","Gannon Buhr","Jonesboro",2022,2022-04-22,1759.7,8.5
"202070","Andrew Marwede","Jonesboro",2022,2022-04-22,1745.2,-6.5
"202165","Kyle Klein","Jonesboro",2022,2022-04-22,1771.3,0.5
"202264","Alden Harris","Jonesboro",2022,2022-04-22,1751.8,8
"202423","Ezra Aderhold","Jonesboro",2022,2022-04-22,1750.4,7.2
"203616","Simon Lizotte","DDO",2022,2022-04-28,1763.8,15.4
"203629","Garrett Gurthie","DDO",2022,2022-04-28,1746.5,-9.4
"203634","James Conrad","DDO",2022,2022-04-28,1806.4,5.9
"203639","Nate Sexton","DDO",2022,2022-04-28,1758.5,5.8
"203664","Paul McBeth","DDO",2022,2022-04-28,1830.2,-20.4
"203686","Bradley Williams","DDO",2022,2022-04-28,1752.4,7.3
"203724","Richard Wysocki","DDO",2022,2022-04-28,1867.1,8.4
"203744","Kevin Jones","DDO",2022,2022-04-28,1810.7,1.6
"203768","Corey Ellis","DDO",2022,2022-04-28,1730,-11.8
"203784","Calvin Heimburg","DDO",2022,2022-04-28,1844.8,1.8
"203796","Drew Gibson","DDO",2022,2022-04-28,1782.1,0.5
"203810","Chris Clemons","DDO",2022,2022-04-28,1771.5,5.3
"203897","Chris Dickerson","DDO",2022,2022-04-28,1836.6,2.1
"203905","Andrew Presnell","DDO",2022,2022-04-28,1745.4,1.7
"203953","Joel Freeman","DDO",2022,2022-04-28,1799.7,-1.5
"203978","Mason Ford","DDO",2022,2022-04-28,1753,7
"204000","Gannon Buhr","DDO",2022,2022-04-28,1769.4,9.7
"204097","Kyle Klein","DDO",2022,2022-04-28,1778.9,7.6
"204196","Alden Harris","DDO",2022,2022-04-28,1746.2,-5.6
"204355","Ezra Aderhold","DDO",2022,2022-04-28,1754.1,3.7
"206514","Simon Lizotte","OTB",2022,2022-05-20,1775.8,12.1
"206524","Nikko Locastro","OTB",2022,2022-05-20,1803.9,5.6
"206527","Garrett Gurthie","OTB",2022,2022-05-20,1753.7,7.3
"206532","James Conrad","OTB",2022,2022-05-20,1811.5,5
"206535","Matthew Orum","OTB",2022,2022-05-20,1796.3,6.2
"206537","Nate Sexton","OTB",2022,2022-05-20,1766.6,8.1
"206562","Paul McBeth","OTB",2022,2022-05-20,1832.6,2.4
"206584","Bradley Williams","OTB",2022,2022-05-20,1758.2,5.8
"206622","Richard Wysocki","OTB",2022,2022-05-20,1870.9,3.8
"206642","Kevin Jones","OTB",2022,2022-05-20,1807.8,-2.9
"206666","Corey Ellis","OTB",2022,2022-05-20,1740.4,10.3
"206682","Calvin Heimburg","OTB",2022,2022-05-20,1851.8,7
"206694","Drew Gibson","OTB",2022,2022-05-20,1790.4,8.3
"206708","Chris Clemons","OTB",2022,2022-05-20,1777.5,6
"206753","Adam Hammes","OTB",2022,2022-05-20,1763,2.5
"206851","Joel Freeman","OTB",2022,2022-05-20,1806.6,7
"206876","Mason Ford","OTB",2022,2022-05-20,1761.7,8.7
"206898","Gannon Buhr","OTB",2022,2022-05-20,1777.5,8.1
"206995","Kyle Klein","OTB",2022,2022-05-20,1784.4,5.5
"207094","Alden Harris","OTB",2022,2022-05-20,1753.7,7.5
"207253","Ezra Aderhold","OTB",2022,2022-05-20,1762.7,8.6
"208446","Simon Lizotte","Portland",2022,2022-06-02,1792.3,16.5
"208459","Garrett Gurthie","Portland",2022,2022-06-02,1772.7,19
"208464","James Conrad","Portland",2022,2022-06-02,1813.5,2
"208469","Nate Sexton","Portland",2022,2022-06-02,1780,13.4
"208494","Paul McBeth","Portland",2022,2022-06-02,1839.1,6.5
"208574","Kevin Jones","Portland",2022,2022-06-02,1812.1,4.2
"208598","Corey Ellis","Portland",2022,2022-06-02,1752.3,11.9
"208614","Calvin Heimburg","Portland",2022,2022-06-02,1854.7,2.9
"208626","Drew Gibson","Portland",2022,2022-06-02,1791.3,0.9
"208640","Chris Clemons","Portland",2022,2022-06-02,1787.8,10.3
"208685","Adam Hammes","Portland",2022,2022-06-02,1777.7,14.7
"208735","Andrew Presnell","Portland",2022,2022-06-02,1756.6,11.2
"208783","Joel Freeman","Portland",2022,2022-06-02,1811.4,4.8
"208808","Mason Ford","Portland",2022,2022-06-02,1765.9,4.2
"208830","Gannon Buhr","Portland",2022,2022-06-02,1791.8,14.3
"208832","Andrew Marwede","Portland",2022,2022-06-02,1750,4.8
"208927","Kyle Klein","Portland",2022,2022-06-02,1790.1,5.7
"209026","Alden Harris","Portland",2022,2022-06-02,1751.7,-1.9
"209185","Ezra Aderhold","Portland",2022,2022-06-02,1775,12.3
"212310","Simon Lizotte","Preserve",2022,2022-06-24,1800.9,8.6
"212320","Nikko Locastro","Preserve",2022,2022-06-24,1806.4,2.5
"212323","Garrett Gurthie","Preserve",2022,2022-06-24,1777.4,4.6
"212328","James Conrad","Preserve",2022,2022-06-24,1819.8,6.3
"212358","Paul McBeth","Preserve",2022,2022-06-24,1842.7,3.6
"212380","Bradley Williams","Preserve",2022,2022-06-24,1770.4,12.2
"212418","Richard Wysocki","Preserve",2022,2022-06-24,1876.3,5.4
"212438","Kevin Jones","Preserve",2022,2022-06-24,1813.7,1.6
"212462","Corey Ellis","Preserve",2022,2022-06-24,1755.5,3.2
"212478","Calvin Heimburg","Preserve",2022,2022-06-24,1856.7,2.1
"212504","Chris Clemons","Preserve",2022,2022-06-24,1787.5,-0.3
"212549","Adam Hammes","Preserve",2022,2022-06-24,1784.5,6.8
"212599","Andrew Presnell","Preserve",2022,2022-06-24,1759.2,2.5
"212672","Mason Ford","Preserve",2022,2022-06-24,1767.7,1.8
"212694","Gannon Buhr","Preserve",2022,2022-06-24,1798.3,6.5
"212696","Andrew Marwede","Preserve",2022,2022-06-24,1753.7,3.7
"212791","Kyle Klein","Preserve",2022,2022-06-24,1799,8.9
"212890","Alden Harris","Preserve",2022,2022-06-24,1756.1,4.4
"213049","Ezra Aderhold","Preserve",2022,2022-06-24,1782.1,7.1
"214242","Simon Lizotte","Idlewild",2022,2022-07-08,1803.7,2.7
"214252","Nikko Locastro","Idlewild",2022,2022-07-08,1806.7,0.3
"214255","Garrett Gurthie","Idlewild",2022,2022-07-08,1778.2,0.8
"214260","James Conrad","Idlewild",2022,2022-07-08,1823.4,3.6
"214263","Matthew Orum","Idlewild",2022,2022-07-08,1803.2,6.8
"214290","Paul McBeth","Idlewild",2022,2022-07-08,1842.2,-0.5
"214312","Bradley Williams","Idlewild",2022,2022-07-08,1778.2,7.7
"214350","Richard Wysocki","Idlewild",2022,2022-07-08,1875,-1.2
"214394","Corey Ellis","Idlewild",2022,2022-07-08,1761.7,6.2
"214422","Drew Gibson","Idlewild",2022,2022-07-08,1789.3,-2
"214436","Chris Clemons","Idlewild",2022,2022-07-08,1796.3,8.8
"214481","Adam Hammes","Idlewild",2022,2022-07-08,1791.7,7.2
"214523","Chris Dickerson","Idlewild",2022,2022-07-08,1845.8,9.2
"214531","Andrew Presnell","Idlewild",2022,2022-07-08,1767.6,8.5
"214579","Joel Freeman","Idlewild",2022,2022-07-08,1810.3,-1.1
"214604","Mason Ford","Idlewild",2022,2022-07-08,1766.1,-1.6
"214626","Gannon Buhr","Idlewild",2022,2022-07-08,1804.7,6.4
"214628","Andrew Marwede","Idlewild",2022,2022-07-08,1755.6,1.9
"214723","Kyle Klein","Idlewild",2022,2022-07-08,1806.8,7.8
"214822","Alden Harris","Idlewild",2022,2022-07-08,1765.8,9.6
"214981","Ezra Aderhold","Idlewild",2022,2022-07-08,1784.2,2.1
"215226","James Conrad","PCSSula",2022,2022-07-13,1824.7,1.3
"215336","Kevin Jones","PCSSula",2022,2022-07-13,1814.5,0.8
"215376","Calvin Heimburg","PCSSula",2022,2022-07-13,1853.3,-3.4
"216174","Simon Lizotte","Euro",2022,2022-07-21,1798.5,-5.2
"216192","James Conrad","Euro",2022,2022-07-21,1812.1,-12.5
"216222","Paul McBeth","Euro",2022,2022-07-21,1852.9,10.7
"216281","Eagle McMahon","Euro",2022,2022-07-21,1813.6,13.8
"216282","Richard Wysocki","Euro",2022,2022-07-21,1863,-12.1
"216302","Kevin Jones","Euro",2022,2022-07-21,1818.8,4.3
"216342","Calvin Heimburg","Euro",2022,2022-07-21,1846,-7.4
"216413","Adam Hammes","Euro",2022,2022-07-21,1780.8,-10.9
"216913","Ezra Aderhold","Euro",2022,2022-07-21,1782,-2.2
"218106","Simon Lizotte","DGLO",2022,2022-07-29,1803.1,4.6
"218119","Garrett Gurthie","DGLO",2022,2022-07-29,1775,-3.2
"218129","Nate Sexton","DGLO",2022,2022-07-29,1774.7,-5.3
"218154","Paul McBeth","DGLO",2022,2022-07-29,1854.5,1.6
"218176","Bradley Williams","DGLO",2022,2022-07-29,1776.2,-1.9
"218214","Richard Wysocki","DGLO",2022,2022-07-29,1868.2,5.2
"218234","Kevin Jones","DGLO",2022,2022-07-29,1821.3,2.5
"218258","Corey Ellis","DGLO",2022,2022-07-29,1774.7,13.1
"218274","Calvin Heimburg","DGLO",2022,2022-07-29,1854,8.1
"218286","Drew Gibson","DGLO",2022,2022-07-29,1792.2,2.8
"218300","Chris Clemons","DGLO",2022,2022-07-29,1798.8,2.6
"218345","Adam Hammes","DGLO",2022,2022-07-29,1790.3,9.5
"218387","Chris Dickerson","DGLO",2022,2022-07-29,1845.8,0
"218395","Andrew Presnell","DGLO",2022,2022-07-29,1764.8,-2.8
"218443","Joel Freeman","DGLO",2022,2022-07-29,1804.2,-6.2
"218468","Mason Ford","DGLO",2022,2022-07-29,1769.6,3.4
"218490","Gannon Buhr","DGLO",2022,2022-07-29,1806.7,1.9
"218492","Andrew Marwede","DGLO",2022,2022-07-29,1765.5,9.9
"218587","Kyle Klein","DGLO",2022,2022-07-29,1810.7,3.9
"218686","Alden Harris","DGLO",2022,2022-07-29,1766.8,1
"218845","Ezra Aderhold","DGLO",2022,2022-07-29,1786.1,4.1
"220038","Simon Lizotte","Ledgestone",2022,2022-08-11,1802.2,-0.9
"220051","Garrett Gurthie","Ledgestone",2022,2022-08-11,1777.6,2.6
"220056","James Conrad","Ledgestone",2022,2022-08-11,1812,-0.2
"220059","Matthew Orum","Ledgestone",2022,2022-08-11,1811.6,8.4
"220061","Nate Sexton","Ledgestone",2022,2022-08-11,1776,1.2
"220086","Paul McBeth","Ledgestone",2022,2022-08-11,1861.1,6.7
"220108","Bradley Williams","Ledgestone",2022,2022-08-11,1776.2,0
"220146","Richard Wysocki","Ledgestone",2022,2022-08-11,1876.5,8.3
"220166","Kevin Jones","Ledgestone",2022,2022-08-11,1824.9,3.6
"220190","Corey Ellis","Ledgestone",2022,2022-08-11,1788.7,14
"220206","Calvin Heimburg","Ledgestone",2022,2022-08-11,1846.3,-7.7
"220218","Drew Gibson","Ledgestone",2022,2022-08-11,1799.1,7
"220232","Chris Clemons","Ledgestone",2022,2022-08-11,1805.5,6.7
"220277","Adam Hammes","Ledgestone",2022,2022-08-11,1784.8,-5.5
"220319","Chris Dickerson","Ledgestone",2022,2022-08-11,1841.9,-3.9
"220327","Andrew Presnell","Ledgestone",2022,2022-08-11,1773.8,9
"220375","Joel Freeman","Ledgestone",2022,2022-08-11,1808.5,4.4
"220400","Mason Ford","Ledgestone",2022,2022-08-11,1771.8,2.3
"220422","Gannon Buhr","Ledgestone",2022,2022-08-11,1815.9,9.3
"220424","Andrew Marwede","Ledgestone",2022,2022-08-11,1773.1,7.6
"220519","Kyle Klein","Ledgestone",2022,2022-08-11,1819.5,8.8
"220618","Alden Harris","Ledgestone",2022,2022-08-11,1773.6,6.8
"220777","Ezra Aderhold","Ledgestone",2022,2022-08-11,1784.9,-1.2
"221970","Simon Lizotte","DMC",2022,2022-08-19,1813.9,11.7
"221983","Garrett Gurthie","DMC",2022,2022-08-19,1778.8,1.2
"221988","James Conrad","DMC",2022,2022-08-19,1814.5,2.5
"221991","Matthew Orum","DMC",2022,2022-08-19,1818.2,6.6
"222018","Paul McBeth","DMC",2022,2022-08-19,1857.7,-3.5
"222040","Bradley Williams","DMC",2022,2022-08-19,1778.6,2.4
"222078","Richard Wysocki","DMC",2022,2022-08-19,1863.7,-12.9
"222098","Kevin Jones","DMC",2022,2022-08-19,1831.4,6.5
"222122","Corey Ellis","DMC",2022,2022-08-19,1786.2,-2.5
"222138","Calvin Heimburg","DMC",2022,2022-08-19,1843.3,-3
"222150","Drew Gibson","DMC",2022,2022-08-19,1798.8,-0.3
"222164","Chris Clemons","DMC",2022,2022-08-19,1812,6.4
"222209","Adam Hammes","DMC",2022,2022-08-19,1786.1,1.3
"222251","Chris Dickerson","DMC",2022,2022-08-19,1844.3,2.4
"222259","Andrew Presnell","DMC",2022,2022-08-19,1783.3,9.5
"222307","Joel Freeman","DMC",2022,2022-08-19,1815.7,7.1
"222332","Mason Ford","DMC",2022,2022-08-19,1781.4,9.5
"222354","Gannon Buhr","DMC",2022,2022-08-19,1820.4,4.5
"222356","Andrew Marwede","DMC",2022,2022-08-19,1780.7,7.6
"222451","Kyle Klein","DMC",2022,2022-08-19,1826.2,6.7
"222550","Alden Harris","DMC",2022,2022-08-19,1778,4.4
"222709","Ezra Aderhold","DMC",2022,2022-08-19,1788.6,3.7
